e03b6ee0df42c3ca44ea26ed6c4d27aa	164
83c356d0ebc3a8e44e76aab2fa442c6d	165
ef4d7a661ddc4fbcce5cef9569d8c574	161
c88db9b123be52c2969a0aaf38ee3128	160
68fbbdf8bd741af2251a9a1c5f4a5162	175
23a65576114e6d5cffd94635c5bb6e60	165
3b55de86762a1a10d9c110e44aa7e5c0	166
0c905bb6591411dd941ec292905e9a83	165
ce6b5a9b88316a966623d79dc1908955	164
1d57c46a5aca97aa68e7a26cabb66d2b	164
2c201c9e09297cada28f84d87b71e5c6	165
1ac49fc3ab74022e7bcf3a178c56c3d5	166
7e8ccd3ee2823c47ff3c124b151835a3	165
e2d9ee110eef8d6b8abce7d1cb228171	167
c154898310d55a8aa9b6d37dd31b7631	165
d1d28687cf72c8ae12aa8d1d687640f6	165
fa789f8e931bcf3bc557305c40456d78	168
4403b62332b6816b7832ed50b5d54348	164
148f471a476f94d862fd17e47c7e3a94	161
038c4f9b149a50be9ef06b278ce72655	163
92824906128a5c2f8b51ac884d3abfaf	164
dd5e23d51397508d00903f8881123322	162
a1708026a66fe79d0900a77c2d0c056a	164
02732ced19a8908049d03f6d5169c512	162
e0a3ba93338a1c11f292683dacdc59dc	168
ef8d08fa38c8e46bb8d46471530b5ace	162
0f1d96ccc2fdf2ab66f3adeeb86160ff	165
af0bfdeb36426756b0161feca8c7f605	164
5ca6e20d3773f24d0a5a60ad8caf13c4	162
d8150bd438bcf4fb63525be3178e228e	165
418246b77c66c0fdf00ad43ddac52722	163
4453c26a3ddb5690288fa95a10548035	164
5537fb7972a0bb8263e7159d65333f7f	159
4515bf4bfbae1adcca0bdce73fa38ed3	163
317f5bc1c94c2a77e1ea405abef27bc8	165
5f771f12bf80a1f01ba63d363d711321	165
307b1fcb6bdb23cc0b1ed51050a9effe	165
b42282ca182ced18ae3ad36156ffa2c7	165
1d4f6ba3fab203c8a1f8ce123a233866	180
1e501a9bcc3d744c9e3134aad11eb05a	165
7aacbcfd03443352c59b0645348d31f4	165
5bd184526feedd4695e3b78795d964e1	160
7fd231a68a008cf9e640686684934740	164
bb5b267a9b91241546b1f390408ef74b	163
42d5c948fb3073a27aaff4ff074395ea	161
c397f5bc2d2ee81a5d4b919e415bb51e	161
13f2b1412e55325512a0c884d6433f52	163
185643c385970c1e9f3ea91c839eadc2	166
ac531c9ac47179f2ff3ee3e5dcfb694f	163
75135161c64f8b0396164953820ea83d	173
527032330b98c62420d408fff95ff20c	164
7da05e198a2c205b708d4f3ebeb5ee12	162
432062705f5559ea7c8e63baffc8d4e5	162
fc8ed57c8096e187c95ee1d85f7adae6	161
e6b4597ee6b7576621897442bfcd5c48	163
4aecbf69d9bf0ceb67b1b2bad8be9c3c	164
b0aba345addee9770cc16603a47e71e4	165
9dd76d9c6bb55f180e1c34b09c3cf1ac	164
1e4301fc9ddc0ff70197c96d81995e28	162
505e2173c4ef05f80b062443d1a31bfb	164
773b6219ef06b76216c43230dbc05d53	159
54703f9f5d51cafcfcb2d734887a456b	164
87194209090f9f333eb8b17bcc46f3ed	177
b2b03370823b8cf4883b94758c5057e8	165
8da0088084b32834c8e75617a7f82a98	164
1a9367cf04a170d43eb4dd2c03d73c0b	160
b1f84048c3f1ca2528788e235f111845	163
f2792493298d89f7937089f9823ae0ef	164
542ea7d8d91ccaf89952db9a27dff2d9	164
c3d328c594855b9a8064988eb88ac608	164
255a321a6fdca5aa0aff33d28162fea6	164
169a14f60d555bea135059e05910e48f	180
6bb22e7ebb00e82a83f223054e9cf78f	165
461372e9f98923ae13af52a15ea33eb0	164
8d8dc0f743ddd4957306903fe2282bf2	163
a7fe2a59ce0ce2cb8dce66058a1c3c9c	162
4a930f87c9a9a4e819795b2ea4df1ce8	165
e801f6aaa4d96890c20927d8b69c47ab	164
14b2c122c609017d21173699c7c1dd37	164
a70e399ab1676eaa8ed36d8c431d1d18	164
2271c1090b5f02623ca995cf29083bc3	161
a41f5fd58754fcddf65d2947dc509df7	165
4720445350e66e563c12fb14a6c51bb2	164
be8639a13e282b6dd82af662a1a1712d	167
648bc8c5823fb367580f565491247406	175
725b50e1b73f10048beb11c29500df96	164
7f13b0e61e105ff419ce9bff69d38e80	165
931872fe4cc9278fa8b8f7eff515cbd5	164
422c481fbf6b621fa021f2199ac7f49e	162
408498925130e9100a24e4eed50c6cfe	164
9a32d701e365b771b261687e13c35dfd	165
fb0e97928666ab80cf8260c6797efd11	164
150b60db21e8ee032c57a9681ee970ed	164
6095fa71c244d500ee777070101ac8fa	161
d6b145a85b28b17f0fb7c1ee1cdcd681	164
02e3996a6c2683910a5ccac5c6ddd48d	169
f6526c03bcef5a54b83e890fdaf10fd4	174
6024202a4d59169abc6004f8292f497e	160
0744297cc0894beb50c5b1231d1bf76d	164
fd2012b44dc6139f925ded617ee3f5ce	164
0341b6a42957b62fec9e4b2995dd851f	164
802fcbf75988a24d05593cf4744256a6	162
0bd851975f8f075c9a3bbd7e2fc3bc97	164
635c2d7bec5ff49cdd739d1d6cbcf907	161
9a6c9179ef8e4bfc7d67bc4bced599d6	164
f0073c696cbc9ef2bebfd08dabe23001	164
9b5dc8f3692974f654f724237bdc7a63	161
ebf74c6802349bece9a2046c1d3fddd5	164
b6ed74cf3bd22a770935d5b831993416	167
39b54530a3a626825695c347b24f59c5	164
2850b0d3aa30affb1137cc58dbcc6e88	161
4f0683998373dd64171a0d3de3471fc1	164
2538cd7eb5821d9448dc9a97fe4c929d	163
19ba2fa412ec20b023e33eb80c27068b	161
56b03b65bc6599042fb87fabe435ba76	161
031f3cb206bcff3ac2ed46fcde889a58	164
7a01e5e896bad76ec58207a66528e026	161
2969a23edfb52b5b922b44755a0e1cbd	163
4669504aea47c2cd50ae371ec7cbe4f0	164
a454c95fa6269abd1675a9649b50d684	164
ec0c0a70df204966898d833a60acb56f	168
c2eabe53d3516c8faa6100b3482ce320	164
3575f1c7c53703d5f7819695f3b0403b	165
e07856b7a7aa0e41ffe8c326df2e2ffb	163
28f537478ec355d9299fedf87bc85749	162
9978fc802c7bf691234eef89494b0ec4	162
f75f5c7fe4480ab2a4553db01501e313	167
61a29a4baf430b08531efbe930458255	164
03237525073c7473551a43064de465c2	163
4f9fcb68aa85525a6518db89f57e0922	163
fef26420937444fcacf633dd2851d3ec	164
f267f805e048544a2a3f93732a998abc	165
ac53b1dda463fc8a0a4190a6b3737011	164
ce5e85104f4019cc87c88f14a1ff9a8c	164
f964c35cff63e9c12963f9c8e5cadc1d	160
fe1f7fae89307d889816451f09e546a3	161
6a97537acc20703e7a1a103df4ca0a05	162
7849d39c640cecb0070c4aa6eb65657c	162
fd6abf89fb8ce07b970695930555468a	164
8931f7e22791d1c2c0d3f3af77138227	164
c6678c5943cf87670608845fefee304d	163
46e5bee246e57b449d90b99693129bed	165
8088bfe2a189cd6a6eaa07a519995b43	164
3365c9c7cd17924779b13ec465169523	164
aba6db5b8d75db0a4914b6d1ff624131	165
a32fb1606670f293489ad333cdc2cddd	166
58e0f7357a166842e1a95cb4a3946444	164
1c71e4d40b502218b32e27cd7ce33df7	165
0f8b845818caafe6054a87829ce61297	163
005e51ef90d4797ccf1568b01178f647	166
fdbc9373d7c5c328284e3bca97366a0a	164
ebe18e145b5c7c43c01c3587b3d0f7d5	164
59397773cc737943383d87a7db391c6a	163
fcf4577fc7ac5e3ac9c32e5923226367	165
df1112af4da6b652d4f4615d429524cc	165
9b8682a72cb90118bfdf86d57c954929	164
f8b81000daddbbaa3242f2fb7c326528	161
5253d8b85d80e7f313192abb49096d23	164
c43d4bae3a2207a92f12ca4780bbdecc	163
6aa36d600cb0485269f9150780642c1c	164
d9b5c2521bdc72ab3013cdbb13a3a1a2	164
22754762f3291338cfb8cb0a887a49b5	163
4f6106f2c4702ea9f8ec540b93e083de	164
41541ff0309257bd0cd5e4d74544eb08	161
840412e80ea50bfc57556e872b8afbff	165
755e7f9b52c0f1c1c1e58e09f831972a	165
76c117798311749fc49e758c6935607d	164
8b137c0f12fb907f623d4218c772fb3a	164
8328a988301755f2e03ee07d5ad487e4	161
6eb1231f7db2e9dd9b850c1dc199e717	164
9239d2acbd64f08daf5945640d33d4a7	164
5c7e76670358d9b694c7a7bdf2854ff6	165
e8686664edb7d8e1389f5d85c9a55c45	164
8283f04202db104304a6fb9251d66c8c	164
46b8ef85841651cf07fb17d013d2aed2	164
84525115103a89751d4ced8ef08b31c9	164
2accb80c28d0cf0858cd76d6aa585289	164
71525a356ba1a609b03aa59a0b20c272	164
1977432cb38e4f6ec13c4692794a6414	164
682974ed2a6d0c0384f24b16ab7304bb	166
c3219ec6317eb5373f33efd2d7b715a8	161
14d75d1ccde6ab7013fa5230b3226ae9	173
bcd08dd7240088e48efd101ad42bfcb2	164
b515cfd585fda8ca8b6ea6a8e8b56668	164
eb61a3ffc99151a6f5d2c8a6ad204620	161
6a6d1b4294a35a843c27a0ad10214b4c	164
769860874aa951185172770816895ab8	164
3ccb7979a288fe5f11dc78c76b51b928	164
8bb3706068713bbc931735211a296564	165
4a9764964868f8fe66b77d4162c80c9d	162
3d2add487420dd970fc36eaad021ff88	166
34ef5a73cd0c8f4beb13d3c4f9df51bf	164
0099791e2653cfd6804b8f6d00123bf9	164
14f56f1f7cbac9fac909306b0f6fdd68	161
b38b68d3a6d26c00490f918410bd62f6	164
1e3d9d32ec160cd7c872d31e01aaf0f7	162
243f6f56d51b97d0963ef87e9349ebb9	162
983be835e913e04cd356b2b0cfcf9de4	164
4869cd97dbfacca668048673d3b7a032	160
a274716f6433fb50f1f254a1d8714a6f	164
c08a801037d957502c7bc558de8dc019	162
a96000a9c190609cc61611b999c458b9	164
8d2b30476fc3475d9f3b814acea2847a	165
785c82b69f8e95670cfc02b4c3d7d51b	164
778e75ea971fe45942c70630aad35bd5	165
3b58879ed7baaee489fd2556cfeae368	161
ce081c89dc66fcea2688d2c47ca81ed0	164
4b8499a14c1c45a515bde1044fb752c3	163
6411360d0679786e22d1a8b0e3c1405f	164
70d484bd768d4ba37bb5c034bb4e3a6b	164
322d4aa5d860b1ebfee29b99c33a4c6c	164
b364989db4a57651fcf1b2743ba43725	170
f02d49fa92965657127b0f210d1632a6	164
c10a1ea0358758d9acf10b4fcdcc2148	164
384aaa4de8c4171ba68f2a62d388652a	166
6a886648e80bfda65d70850d10a27f23	164
2216910a84b3ec80524bc4680bfdf812	162
b551d6a48a680998c0a3705c8b5dec77	164
159ddc4db0b6207af4e6639d589ee5d2	164
bf1ff0f7b76798b7d2c7a1572a09f9a8	164
44269987c04ae6681ebb44462bbf35cd	167
2b9492505e0b0fbc20f10d609da3c4f7	165
640f75d65401e998fc0bb7327ac5f2ff	163
9d78bb31b5dd3495f1fddc054a48fce6	165
fa461c869dd9d316968b3eeea1f357ac	164
556b72a8be93fc3e992367096db5f6c8	163
16c949d7acda4fbec62a9a3d8dc5ecdd	164
6d8c6edc712185286ec20e4823750130	164
3f405409af49bd9821ba199b10a41abc	162
b64e353681bab5017aa62bb47d561ecf	165
fe53698fb79a6ae58e02666027892c86	165
7fab4fe9a23d4150e8db614486583d72	165
3a6a394c8b2c237f9561c7ea9fdab7c1	165
607dedb9220095dfbac7e630dadce0e7	165
6a6a2bdbb3b5f2fd60599e6975d5d5a9	164
7c008fc97c29e05029553d868415f6b7	165
27e9f8b57dd53edd2f3e80169e419752	164
ef0c8ae16db36250b882cdfee09170cf	160
daf21355a4b48703b57ef8f36c85f9e2	164
c00b1fd70a2e6c19e691ce639b36a7c3	165
5e4efdf9472cf2576391f65b0a94d7e6	165
e42f9325a3dcfbc7020a345a43416bcf	161
f9eb0d2a543f850617ded36ad54f6945	164
6a6cf8ee3a640e5983748f456c5671d4	164
8b49af586fab8f486ab707ee4c18530a	164
802bec32c8a132e233df0c0d04efc115	165
8b6cf4a1d7711d7fac129132fb6abf6a	161
f528b866b377e802e4ee6e41f447911f	166
bb1d176c8d6c4e7cdb2f782d40a369d5	162
48562386fc7c016b8df039c34e72b472	164
c357fdebb25aa81f8689f927ea1a5dfe	164
ffae018874dae7e51771bf3c1acf8af5	164
1e6ec25e083d64edf440bd63d984bd89	160
f4b56876b1da27d31b7f2ca33beea33b	160
4b683e3e36c4358b1ea93af26b8b90b1	163
0e95006119f50478347bd4f1c3b90796	165
c4c19daa4c6ac5554f2024303342e423	164
cb8f8ef7ef6a0f2a649cee5db23a4c9e	162
8150aa3122d493ebec0e1c9e38e695f3	164
37f8438b6a3d9fe11d9ccc0eea6fdae9	164
ed84920c6274622975b335232dcdc7ce	161
ba4c3f52cb74ba7a306dce638dffb2be	187
8cafbed6647527fe42a47b43ea55a1b3	165
7909aaffbe4054b4b6078a9ab055a1a3	136
f963ffd419f4c5d31fc34a8dfce73848	162
32c3d40ab7b91337a469d5dfe64fd6c0	164
885c808563a78e2aec829f1a18075834	164
c4fe3993f087b9b134a4d0d9857a59e2	164
74ae21b8c8ac81b59d920663a8e10b3c	164
8aa94129e6d132301cd508f9e88f8230	165
a402f10e1b91ad63beedeb365b2d30b5	161
56afe97ee23ca103639ff3122a720f36	164
982c87e531eb45f0f4878581117000ca	164
35809df5970e05d95d87ff463a01cd47	161
cfcd4096fd26a9d623bb4fcb02fa0446	164
aeb1dc5418c4fef6021083cb0847d865	160
c9eb168dbbc3585a9123d798b52ff5fb	165
0df11bbc9fd49f22ecf7f3a47ea6c624	164
dc7688bd8a318aad90e713e1204ecddd	164
f6ff6ab3edd40da9cd8563164fc8f1f9	166
f4d0d904d00e613568cb072e937e1e4b	160
389689aa41658e69162ceb9934fe06c1	164
dceb7166797a300153a5c7ce60873029	163
ec6fb3f909853fa3e8956b0cb90ec819	164
25c652f390191e811e515366358d2541	162
5df2d08cd0a8713efb6dd02ac064c519	164
1058d19cd46682a4e787f965663524a8	160
8b04fea94013f5f264bfe68e7892f426	160
ecb278a4c35c4bda4d298c64f4f7db7a	165
4003cc60bbd6b874d83caf0253eb1193	165
a986026bad3d05db3d22d5eff633d690	167
62145eac3ccd89b1e474c20362498570	164
171c38e07b724f4cf6e9a6e033617efe	165
65bf00fd8c9d64cd05b1848594872d4c	166
5e85d759c331196837961bf98635b298	167
26c3417f3480a45cd8e16e448ecf7716	162
14a651c98ce477bf24384c7d9eba2b6f	165
bb8c5b213ee29ba528d362eda9e88513	161
bf6d24b23e962491bbdf4560721be618	165
64b9d9e34dc4dbc81ba544439bfde3b6	165
7705b725ee2f7d7d753fcbb6d0d3bbf6	164
022977fc1f0b4f08901c0d9981b8cb31	160
cd3a2ca5d6f557fadc05d89d95373beb	164
e505b9bcc8a61a8e2b0b48fc36fd2fd2	160
bc2041a0f58a12b14e37122f581acf78	136
4e5bfd886cddbb4ba720939b38f653b7	165
f73109872ac2736e2d349a3824011b82	165
be12c67f5b380e0669045c3159c5beb8	163
a96320766dc6b5e4e1ddda9db7c847a4	164
51aa4c1bd8c5d98495d2e40b4bc2ce84	165
d729496b3c10273c7f3657d69ee63b6b	164
e3096f829f10ca6c5189591cb7db97b4	164
c2f0314e166393f11df6bbe82b0450ec	163
70f708be4276dc4a88052ccba851247d	162
03eff0c36ccc1dc02f21ce860933be7f	164
8ec92be513ab54371c9d0f4b61bca5d7	164
bc895e987973a244c2788d42ae252a4e	162
3a7061b0d5b7317849ecff189894b9c1	180
8a91b549ced1b3b1c0bb020c099c422c	161
7d01886239f7ed6f925715a8b224815b	162
9c0df1e3ab8d002bdcf11f7c9cad8051	161
b67d92980577d51154029314275ed990	161
054334ce288d42ca0f5cd07c8a1ac4b7	161
0800461c15c8ac2c7c1399dd534f460a	161
cbd03c60c14debf89c2178db5f8b3bb2	164
8ec4ed23ecebdf4995e55ce2163fbf37	164
9df9972c10a7bfbda81ea8064e492024	162
bd15dc501d6ea95a525467fdec2529f5	164
4c804bc2ada9a18633f1a887a897f024	168
3622d778292dcfcdf5445eee00759c58	164
151e80b3a03a4f477977214515ee9d5c	164
aca9b3aa0117da6f5b437d86df23900f	175
ca33610c1625f3321584fa7609270b64	165
b07a5032abe389d646c34a21238d7ba9	168
8bc752178ebf31b1e1e99d88e22e388a	165
6542a7442675b94759b4507157019410	162
4f902786ed3db65d2dba7333e5e94b7a	175
f06b31a5fd9b6b7f73e414e5bab85fac	160
d73e2e3e8be32957f16f82b0b8bd8dfe	164
a997b63cb093008b66a1b15a11665813	175
79166bd8c24b7046d0bcb6dcd7e0995f	165
003e93968a2d5718f84db64839cb6f78	175
44a01b31d8b477c42f5364f5b2e8c3df	162
21bad1e0ef45125edab1ffb57c3e71a5	162
899cd782d47fe73a49a1a0de634bb44c	161
cba33c02c35caa8f9a2b72a38a8ed34f	164
49001fc6b186b5cd7eda196bfdb7c4eb	160
1cec98c9fd56c923c3dcc10147fb3dad	164
b527c8a72096508ef8b07865daaef275	164
f1fafc317f8205a2d909f24b4156ea74	164
aa6a36d7068a617f391eb05806db6e00	164
0be563e27e775f49a410d36467a55481	164
2409d0548707932196f9555760cf4085	165
2da17cb3306ab91480b5c3a55b84b2f2	164
abda264820276ab4fee883c36b4ac405	164
23df1ebc8435b7614fbfb4b717b4470e	160
44056c96730af33e3f758c11a46ee17c	162
00ab6b6672ed023ef30dd5245b650a7c	166
bfe3c5b61240a380cd5a7f572330149e	169
0945e4186952f14a77139102b2b8443c	165
06804923ba7b949b3c4e0a70f3346cb1	165
589a2f7e83ad840229ffefb5793fe74a	161
9f6f875477aea128746eef598063f186	165
54be3146702f4a3ab351767780706a42	165
3d29319687dce00e068cad17db4e13b0	165
824b01bb2f2064e2fdc5b373609c3ce7	164
fd5a95e5a9593684c7f75052321ebdb2	164
a782a9725e0790dc179be8526cdb7229	166
c3d663c1f8ecc0e30d6e2d76c53f1590	166
a8ce7d211906d647e393910c02bb4a0d	164
99cc5b9712b50b877a6da2725bedeb38	165
fccb7b141f09d869b33e8f2c343af614	164
545b3b41a8165e8a4326ac28e50eeef8	164
adabf0e67fa315a1fcf6a50444da08b1	164
9cb5ab854f70a860e776daef9e9bc637	164
a112a5865f7cce575d9598bfe64110f2	161
89226081f1cd7141b39186daded9697b	165
71f9972811b821ad5b2c67ccd5399338	165
479a4cfb19eae96f9a0ae4e3f8bd2285	165
67f72ea1a9e88369b15b5144e4d740d7	164
a3f5a23450ddbd38c40c9371aac1379e	164
af0f3afbb6a5a5850f00f9de5332f235	164
52d72322d2b8a0fea6c4690594c5aeb5	166
d910eba5fc65ee128a00e600cc39e549	162
a9bccd60fc404c8fcd6415df34556d4b	165
5e8414cee4fe41fdc6896eb8c2498faf	175
58d98d7e25e782fab479dcf77572066d	164
7ba977d4446ada1ad90a8713c05fb7fd	165
fdc8e418e97a68a2480c2c6e3e613485	165
823f5905edd8814d5de77fb553b8191b	163
ba268a2e994d5744cb5924a167d03a52	163
7302c12ebbfe478718739ce3be93c975	161
2eade0063d6607c346af26aa6292b8a5	164
b93d85d71c5cd161f1cbd4aeac852323	164
a33ed8883e0691aed488c11317a3846f	162
2c41bfb6de0ba08001457cf14e55575c	161
9d32a717346c70d02fa862892114be2a	165
3cfc870c8200f352baa96a1aab1d0fb2	161
d581810618ace39e42312bd14e84bc8c	166
b3083d55928104d8e41e45cf1807387d	165
ce1405a9f7a984bd739a3bd3719e8993	160
4e8e80fb866cc6149aa491deeaa3289c	162
ca964911c39cdfd1bdbbe50ff27cabab	160
62e1eb18c10c37860747d63fc7fb5a82	163
bf1116d544e01f80305ecf46f9df72f9	166
d5bc318cfde158eab30495f520551a73	164
971da4ba838252dde2f2449cb2dab30e	160
2d213d2afe422c3e50186542190820af	161
bf9425999b8f6283952000609dfa24cd	164
66b069fab5a82b8afdf8f228b64a54aa	166
594b432766a39c4df7e6c724720ce579	165
f2914b601f0fe9d39488c298af0c8d7e	162
708608a05ed0774fe3972e1a0840e4c1	164
530fb72d610fcbd0beca7cb7fb1e47fc	161
2031e13d6623b53872e3a61220d38696	164
4dcae49aa84941e9229e2fc5edf9b5f7	175
0199834d76e29b0e91e946544b54691a	165
0f15b21f6e4167478137d4907c6780d9	162
adaae6c3ca5e9a1df438ad998c76188e	162
7423e9a2f5eca1532b343e5de3bc4330	166
a13e9b4e3a0bb67670af661d183f3873	162
e1f0dee225e6224a403f1faeebb8fa74	166
3b294cd1cf21d433710f87a2e07ae9a4	165
c2eabc487bac741f3b993e07653f58d4	164
b1b7bf7f3ada76636becb5ca9d3b8600	182
91546dd92476b33a51fa6eabf6f5bac0	162
cec04d48472cd16bfef061ca2a7e0a8f	165
b8e9f8495057770fef08489bbea725c2	164
557fe845fb8bee5e5596c9c8c28fcfca	164
1dd5aa6f5e3f7b1b8bfb4a91d3652c1a	164
47080fe69c1afcdcd70b3627f9f21b6e	165
ee35d39e5ca4e5ee6d07f80dbcb2c5b1	164
1104a7e2f41241d36ae65109b4bd45ca	164
2dc2d989f8f0a1c99fa3e51329c5c7a6	165
da37bc8fed88f7acb3b7d35cdffe2b3e	162
c22ba730ff59568db37e6cc736507794	175
cacf75d8508a5484a164252114104e4d	164
377293707f6fd023e3af68cb6d6009f9	161
5f1059174cb097529ad8c14f655be833	164
fa0bcee24b9b973bf81fef4cdbfa3d03	164
0d1967d3af62f7f4fa9f552575cb271d	161
3acaac775ec12a097e6ac2bf6e43a5a5	160
26b51b378411d28f1ead22b4e4e6ebeb	166
35aee876ff5075be349f5b4f07fb840a	163
5225a0539934a93f7b60aa6d7c794ae2	175
820edb386fb113658998b80a274b871a	161
0fa0c1c9039bfd284682ac54ae3ce53c	166
5be816acb05a561848dfc00ae1632038	164
e2fcf6b2f2076e3d79d6c6c717ed9a50	164
8c4a5affe779adc131c3bb06ddb08134	164
4e54c82d539550e016face92550c2085	162
6c9150f8eb05d8e0d63bedd814a44fe4	161
a6c5ae74674fdd5fc34fb39340b66d36	165
75cd3c7b35e95cfde6856dee7d6fdf1d	161
427214de831bdba0619bdb4c6ea45ef9	166
64ee94c88bee86f5a2e4e05d0967f5f9	167
c4a313253309cb41aee662409a150e87	166
bad05c5829c377e2a73f374069014915	164
72a23160bb9a900744f0149d68b5cf66	162
60f416234a3712a40df30cf5733ea03a	163
f6905bf02b121ddfa4784879a5fd3a21	164
3cf766cd6b1bfbdafc24e02dfb72a937	159
169e0c1dbc25287727812ce442dc6e38	161
619dc4a64cbe4c785c298d243259e84c	175
8bb66ccae651a618e1940627eaf7a240	161
e403f34477f507d0e0171774f632038f	167
9ded00d7e63ab51eed3d1567c8d0e9c0	164
8b093056a996350ba0769203c4a784e0	160
657bc0b8f77317c38f8f4b9fa3d91a87	162
d9ee27d0cf8c20ef908b541f0a63c686	165
baa62598848c52aeb03f34b318edabb2	165
04dcb9ab6bc22e4e9d17545ac61e9681	162
6be4a23a81c3dc54b195f51d968dea1e	166
fed8e3ca38451b7c46170209f31082a6	164
444732dbaab5c4339ab8b38ffe964469	164
989ae78a2b54a8e007387fd8cc8a2cd7	164
22ceeed3a7f020d4aed234967e0d46e9	166
35d291ec77b61474b6960fb0eb7d5cec	164
8b9dd43a578ed46d3e8e8620f3850a7e	164
843cce51bf115b5bdad80e9b3ad94e09	163
d4a7e7ab2f62b54ab0d4e437f79e113a	160
f350b97bc3cc38b166fdae03a016b6c0	164
7164f16dc952eb335b43bcfe79039592	163
09c9a90c76ec2810cf5c85f0cc36edf4	160
0ccccb66ac4693dc2a82f58ddeed3a8a	166
ed76db8e52546ffe5487e66f1e47ad81	167
7919766612dcc8b334684a051fe80aef	164
525309938661b245ef4f67b37aa5f437	165
105451ad7c328349048620814437ee04	162
52a7e98a68aae3e8e6fc42614dbfa485	161
bff1ac98331dc134aff2a783713e524e	165
a26d3a31cc7fa51ee8e06e25c95d80ef	164
6e06489f3a5992c1eca05689db183315	163
10d73610eb6b590cbf66e028cf98c421	164
8019157de21e8a85410374a42e986f96	165
d5abab968d74a9e6d534db5967796d89	161
63f5ab0b9ed3f0e7a26923ee0e4f6bfd	165
4a491189aa1d1c8766bd244864b36daa	164
314f1b78a2028edcfdd546a93e26cdb2	175
e4c9db0f4a0e234346a9e39ebd600e2e	164
973f0ae018c4d1f2088f00cd8366b85c	175
dca7b27e4c2e9ab33c2e8537f1d7fd24	164
2cf6b8b6c654d6f88c7038c89d31a35d	164
a2f750b17a2caa4cc069610e66eaeb4a	164
304234b304c728a45a7965a14c10cba4	165
d82876645ee4e87af713451c09ad6daa	162
c4719cd59f9197b7d494244a3944bf14	165
1c32ad642d87de00a8a87cab60706a8a	164
65525bf1371e753b3c3390b4ded5c1fb	165
4ff080833742794ea8045e6aedf57898	164
144e50b8a8733c4719a1b9f218af1ef5	160
5c63a42a0050e9c168ec7ef3838ca693	163
60b22c126670781fe13b28a59c85f387	165
b3d50ce136e2019738893c68b3f3ce3b	165
3a9a7da97ea35c3e9ca22dfdaa677069	164
755a56f48fc5f88c4842e4773e34e434	164
9c2083eb2bc3c020d44b437e1d3d5336	161
1ec06f6b55678a61ead29a3481c6614e	175
6728e3f0dd586ff1613fa4ec55d24ddf	175
036b60af6bf3698a14fc725b82ff406a	164
6d4229727c27baea78ea1e62f64bbe69	167
f57b2b52fd7b54eec063ea1f08fdec5e	165
643727e6957eeaa649bef88af61931f9	164
de2dedf8efdbb5575b5064921f087daa	161
fc4aa68ff20ac17f78e31418e62c631a	164
aea7927926f6d14dea1c2ce2001b6514	161
b444d4faad03232472733cb2bc5bd186	160
97bea3d141f5e30629dc27ce08374b99	161
baef26d3d2a1470102725b3d756c5f49	163
e87f6086ff196d10a6c21bdfab2874d6	165
487a7d8e1951f53af6af229357f2d6cd	161
4a4f6abb71236c8eb44d63356672b49f	175
d18d2c9b80366022e215576258cdbb45	165
317179f31481524f24fcfd27c3cd8546	165
99fde51928d8acf3b763e5024fcbf461	164
c07961f54c359248a5e1779b24e2c5e7	166
7ca0f60f347de251a23451ea163f37b7	164
ccf27f96460a8eec584532c9084654ed	166
80fe26835342ba4951a16bd9fcdac6cb	165
e848e682b181600f87845f8b3d149112	165
a04955526a021e49701dbc8fd9667416	164
34c1afbed1943ba4b893386559aeef2c	164
535c66b92a851ee8c563c95ca37330d2	165
f39e741dd8f22d77ed337166812bdd98	165
289c5547e23cf075ad43f7f25e715cc7	162
66252c1a71d302661c5704b950d8068f	161
2581d9a38f67fe29651f6200303734c5	164
d3de0bebfd9e9dd6c149cc2745f35def	165
4935e5248b18038cf6bab7077619ca9d	165
a07dbd9781d3dad8360156a4f8cd74b1	165
d8faf2100af0e41f32fd6657c5b29ee9	166
2834780b46747c15b4c4777d5475e005	163
39923a5a6bc7ea66835ef617fa6b069d	161
2ea4fc9fa3a3931e6580bd91a5e10569	175
8b42357ff4db5708f5a3c22c5be370dd	163
23c6619d93f522f8ac68a1844821e266	165
e0f6927e09ed0c67300477eb14728666	162
4d302c487957b46861df0bc0034abc3f	166
2cfd07c892db77b7caf7ef9b255a8099	162
1943fbcb5a12dc41f490200be329a406	165
8bca889242f61334960b8b53d1209f10	166
419ecc2543b13ced3ec09cbbfca67a1a	164
9ad3eca73c9ea85bb560e880768a6c5a	164
d365544ef23d4c96308aad6c452a6bb4	162
38531137b1149ef883b5b4bf5ba51b1b	162
07a3339bdad206a749fd63b2e12bad92	162
46c89246a4d22abe954238f115cbc2e8	164
257b2e1141589ca115620e8a09c797b6	175
95ece6d61fa4648fab3a5af360411b21	141
494522aace20ca3c164c1214bc21d9a2	162
91b2d481185afffa362d789342295dce	164
dbf8d32bc733255dc237c70f30a70349	167
91455227c70057d3a6ad014bc8ccdcfd	164
142f4d35521abd02546155f78d9861f5	161
e948c5b79d5454bf61c2ef91990b11b6	161
8029824fc7bc35286500dbd7c1cc0234	162
af77a0c6fed12b1c3e982ac8649a572f	159
a5ac74b9040eaae7bc4486216d10634a	164
8f6c8fcaea5d612d2079128fe46d3186	163
a02c9d3fd58bf251c17712b7f5c495e2	164
ea041788951d9baff02eba85278802ad	168
0db137ac05c43043ba4b542d08ae2233	165
d91a54d061fcf57585b7c143c49360d0	165
9b07ea7102b29dc836095c6489bbe62d	165
6a664da37e6c56c39b23ea47ec6d496c	165
fc8ada7e5bc897d3fb6826ffa0873b9d	162
37a538f56a5bb4f944a7df1c74933983	164
16bd0641dcc8a5c64369a2dec4c86796	164
024db0adb8f6a572a9ce6d5a4de62177	164
a44210716166b623ec4051100d0e62d5	165
0c1ccee843f3f8c6420af81a0c7bdaaa	164
04c9af27ac8d10f69e6e5650ec5de3be	164
941a10c1663a865a7bbe9d269cc251a8	165
a285ad0df3d796f857d480bbfd918ac8	172
3f0b7cae04ac1926ce130495dd977152	165
241095ace140b2c5d348d217c42e4ed4	161
c0293dd45601683227db3d6bd3bd0cba	165
fc3580579087e175b1e42ccb06c297f2	164
9823ee2c3979560115f9add0c7b5baba	164
90bb300a953aceff6584fae8cf4f6b13	162
dc2a83d4c063cccdc4171f6727cd2ae7	164
4e7a5c03edeef08ceea1c5643e8165ea	161
9a6dbb72f293fd4bc6e713126747421a	165
3f5d2e825462ace6442977ff1a6a9af3	165
7b4f35c277c31420329195cdfb306540	165
f107480725a832342a0d501d28bba157	164
cc7f34f0a99c826e73c0426e8858ddfa	165
7604cb72ef358e8941c27f678ad44282	164
d0c11fef731860b2da0ed85e9f1001ad	160
4e94273f42284284873c8f7c15397205	160
863043097f6a801bbc0a2ab0ccbf3dc9	165
cfc866c74e5d907aa045035e073d2267	164
69f1a73a32a71f671565d57c913c5abb	164
0364760b91512365efef761ff9c49c74	165
c6813404f7dadef66cd318fa1c8f2e4f	164
07ab351c275c45d7119b64002453b4bd	165
66cea1d286a7f54fd50dd7bfda152c5a	168
8103a585b4a0733c5c78bd253fcefcef	161
da9c0dd8c7de11d6e3b76f7e07dd9079	165
228bab0417d267203a81a355cd88aa49	163
129b4a62c24941ca50a899a2fa4299f9	160
9d2cf3b2adbcf8758f59a2471bab2f87	163
6de25981f224c191f87ac2bbf2802fcf	165
04768e8f877ba9174783b6d55aa37036	161
1906ec92289eaa1d6fb7e887d3ecb962	166
e4104ceef3cdeefd00dd951c348caaa5	166
74dbb22d5c368034eb2a32f77bd53965	164
4dcdadcd727ab6b02b33ac165ff8a12c	165
3044003e924840fa8103772ae9005f64	161
27d54e7715bedbac40a55451341493e2	164
98a69bf6be991fe9efae8ae673c0ee9b	164
8163cad5124ad6522da93018dbe28b07	165
7c12d1ec7ec1559facf843a4d5120417	161
509a6e76152675aa6ebaabbca5d9f429	164
8329e77f92ad36c892a0ab383f9da476	162
5ebc96872cd794bef3ba7e17226ecfae	160
b034e9a475753b76106f13f646ec7557	164
527dc350336f35db517af2bae8ce30ef	165
1f787ee27d73ffb19d0aceaeeb08e03a	162
92427707440a0709c76514894c61f08a	161
8addf14ed910aff2e821038c10b1a951	164
bcaa9ca5c5721df781f96b0fd107e024	166
10db22c6a7ddf28ea0ed3ff27a86fe81	167
14434d35551424bcafaaf35dae7bd3db	160
3939479a5ac7ec3b73d8e0405213097f	165
f5f1dea500cd14f0098b192ae8225b69	175
e14625c411a7d6f938688612934a82ed	164
d68f457d4d847b2978cca86fa2aaaa9c	164
e6b838fcb1b905747f5c9cb2bfa2b162	165
92209ac9974ff8ac6d992bf7e8073657	165
b69890087fb9b832adeff4dd0b4f8d34	161
545aab0d46ab7c7d9a9220647d125c89	162
c28098f22fc5d86c34b4aca511b5f105	161
722f1db29350a89a1d02fcf6169e6cee	162
23051fd308dc841ef35bc9a73cb9934f	161
d739dac7391049c06689b78a98ae4a70	164
e68f0f132aeb97353e8e22ac79f7a039	166
7a9b310a4f82dba2282b5134cbc7f75c	165
f169ac45a94b186b5277b2d3eb0bb5f4	161
b0b73e6900301773ffef717070385f25	162
a67e71949cc976ed77840a52cf62d524	165
50fa05f23025ad76207f57afdd0fec7b	175
7499fc20f0a7c61ae36a13e254b62f22	167
6b123872f5fc41f3d02700e0ae7c003c	161
af3456ffa7462ddfac97f62e29fad4a2	164
f30ccaa4a9d92aec7902800442d09568	165
542b2fd28d487e7324561d4c341a3d12	167
0ca84c85cbc646713d61665b4e584f9b	165
3cdd02c0a6cf534131ac04961adfac5b	188
ed6d3355e7acdd575d513de1b01a9279	165
39707f0f64f47057db779b2e2f454487	165
32b5ddb9514059b82c9eca97cab1bdfc	166
9a671d5f49da1cc06e0e8cde89fbbe38	164
c115cd5bcec51eb3177b3b5d6cdb58ad	165
4ba8d11e1d8f93a8e3a58caf5cd44d01	165
347871d01f96c86684a56d800c0a6d27	160
5d43e9a8517dd2478e07aa47eb28a0ab	160
e5cf29e3c97b8ba741f80f2fdf16cdb8	165
cce47966c3c05c965e7b221898371d06	167
8e64d061951389cb8c2f67e93130fd81	165
c1c6aafb0968822a71cb64885ec0f3c2	164
96bf97d416f891ebe4924af078368c4f	161
56d505980baefaabfa3b02d0112df264	165
e2f6dd7fb7033d2cec6dc3063bb811b7	163
f9c86b67ca9bf86b52aadedcfb1ef6ce	165
94d6ba9804cf87fc2fea284f5b992b19	162
4069e93b2a7106adc7c2dcae6e8aba5d	165
4982655cf07a367156f1662294bc705b	165
c746eec65e5a51119592bf6c1082c95c	159
7889c527e4c9f040e77f443ce8d4d59e	165
d64fecde22d92573adf7e615d0a74feb	165
75f0c28b68f1a6ca68543695d5425c47	165
60eb3b9a99283ddc09ca7fa3c1d287e1	167
b240c9fc3d9eedb600b8afe4e0150028	165
754e8083ffbbfd1ed6baaef0e0283ad4	175
c79fb559769184011b7de6d0ae701c1d	165
ee834313fade1ff15cb2f8b6610d6447	165
2871078007ac44d7ef50e768aed4c935	160
e5abf326c4775438852b47d83e96fb90	163
44243b6dd5ee385cc06393f5b063ed48	167
8b6e2268230b4503ede3f94a3b28080e	165
642c35f3cfc786e74d2067f45115b5d6	164
8c5227e44acc805b8f6535c330356dcd	165
97b68f17a0898add7efff27140e09352	160
827b1873fe4dcbe6be20ad956b50e56b	163
4d3186de593a83d6906422e32aba8ba7	168
f3f18d8c65a7a8c3468742d53515a311	165
d742e6bfe9ebafd56a538bf7f4ed18ea	161
614bf8a8353247a4c3cea5d9c6c5083d	162
1e30534229b9fbe8677e3e2a54873bdb	165
9c8702c97d12a8cc902030dec25662be	165
7a1fc7177cdac950243520cf844fce92	160
b740deb894718b240b1402fd3bda4f10	162
c43ff984ff424a6f2249254399305b73	161
44d027640ea13d2fc9ce7ffc0483fd93	165
1390b9de2c733f2d1113299cad0b4e0b	165
a7e474eebfac8928af38afe4d360538d	164
542176add66ece0046c226d2aa4de693	160
354a7fb335f9d6d608d97a387cf731d1	163
1c5bed82311de72d1e4e3abc20e98c8e	160
e810389683d816e45700f36179474e6e	165
a737f66172931ca19fb2d0737a7d43fe	164
db29bb36872b88c876f756d9fc0d9d8b	165
c0ceb62e10eeded5f30b155fde01c696	164
aace5a15de13d1bf7a297f96cabf2eaf	165
ed5c654b878826b5e151734e227670a4	165
741dd089b174b2565123ee27667bcf04	164
490e71672f0407eb2aabb5e27cdac04e	162
b5028bb3b1e937b354e40b79f3eb7d07	162
1c739ee4ae66b830bac817c88a00ed85	164
7c080f9dcb6e5d478d25b456c0b3e1c1	161
fac12ac23beaf56ee7d1864f95d518b6	165
98f129bb9d800ff9968320785414108b	165
cddc44bc848e10e91359b4eff4463abd	159
e895a4ccfb500d5700959169c33bb91b	165
5f59728c422c942aa039578f9985b242	162
0a3030a9c04b3804377f61ae23598348	166
5aa5266d8128627400e4e6c8a67e5295	175
3973f4e15e1e4ff1bbd567d8e28f8071	161
fb70a703b6d1830b1181bda33e14732b	161
14050fa9af11963e57a4e75edb005bd7	164
5d21c6baf3c4c252dceb8c7ce2bd817f	175
9880c4274412757e5c56ab23d593cc21	162
6845dc040b3592784dce52cefac785d0	165
c5390be3fb0cbca7baad95c4b9bcd75d	164
5f4a62d726ea2fb723f679be14ee5531	161
299bbd76e3eefef8cb05648cb1091add	164
a2e2dfbbe9b5202cda7086b7e46eb770	164
1031c9d35e46904fff8e0a4bf0c4a285	164
bb592fbfda6fc195b1bdf2651a7ad22a	165
fc039c8152bf10fe7ac3685e992560b9	165
e50f775fe7602661d6c28f35aad2851e	164
4e2e036aa6778f31b3c91a0cc57f3278	161
85d44378bdbe85f091c2e19fe9b6bc42	162
0421466a52fb66b0720df893340880f6	165
f5c616fe3f8cf1a5627d3c647f58ed37	174
25225821d8710c4818de6f9f0189dc87	167
62a01f16a8e9f453c9740f8548c5adb9	165
1b4d10c774600147ea506095585243b2	166
d356e5b8569b8e7a8b335dc15af327e7	180
40aae79e0ab591e8bc1e0c4cb3b362c8	164
2dd0c2deca005c37cb12ca10454f7013	164
21b17bc149cb0faf6c2d38d3bd30340b	165
6c7f7efee2bfad2297ac9ac263d2006a	165
56eb01af7056e45427d7ed958a0530ba	165
4e0294db5494f8d19450988d1ce3d04e	164
24e3cca9b8fccfe229e35963b39e0304	164
e92fd1101c2c9cfdff86b930c4a31610	164
74329a2fbfc436bc38a4832f2e0dd2d3	164
cbb70ee479f13aa13e19a65a45f43788	165
50c554a5529530fa816216f019bbd83e	165
953636f6e8208b148ace7850030db7bf	166
af6764f2c785347a01454670552c1198	162
85b4f3c4e29bfa0d72ea5fe68cf3c4e1	163
c1f1e173aa9e86132e07baf006124895	165
3b224fe3ef9a92c983c28a90888e48e1	161
ba03b1ad75f59239483ac1e64119919b	162
1bb03680ff565320573187185aafffdd	164
199c529b383da3a50214084dc68e606b	159
1cd0d2e0b3279c12d59f8695a37c1497	167
8bc3fe2acd0d8186ce5c016d19a3b425	160
8e9db114cb7c3318d3eed7d121564aa7	167
8a9fb67255d78f8446279b05d72c7dc1	168
79f98395d594091e65c6a747aee02409	162
7a2afeb18c4132f4c62f92b80bc0ae83	164
275dbfc6a95729d989e4e3706c2a8d93	164
557bd90bba129beaac9470180dee9d32	160
dbbc5821d81a5af6bbb48b855359eef4	168
fbe45ec5c1d85caaa9435375226c08da	166
c47ad84802d012cc17beec70f79709d6	164
cfbc21da3743757187fb8aec37021961	165
4046320833cb8991039a1c6be71f4c37	173
622cc08cc9ca00a508734f6206049e04	167
19fa4ba1c2bcbf67f84c11dec9f6b054	182
14c89594fa5950dc78b2f25b394d8f2f	165
423c311a51256a928c737be4c1a5671e	162
bb9c01e35fcc044a86ba0e115502181c	163
469bf01388804ab64788cbf9d9650593	162
3130c5fc56261cb0ef726f4b69c4cd28	167
179c7d44c47cba45b4d07112cbe2b302	164
74ec194c70240143c684e4222271454d	159
8d1508c9149b5db6a615f8cbab4939c1	164
fdbb444183146c9791fd6a0a30b38350	165
babc3c9c046bb03418e9b9e4ad9cea4d	159
9e7f417141eae4b850294097d4f61b0d	165
87a3a90cca5f9a93f769b3fc62c39121	164
7efb49a9460c8988b2aad00fcc78299b	175
38117685d289731365d45b2cb904e3e0	165
461371b84e00b439c0cd4b38dcfbcb62	164
531e46a884a3d163e0b09a55e1358282	165
b97535a38d1dc1d214d14a5cab608eec	165
9f98b1b34763c5e39d4a4f23ac8a319a	167
629bfa243bbbf4b3a43bdd40a7dd0ad6	165
2c7c4de3d98fe505fbcdec8f0879b8f8	166
3e401d9bf223a0a95cf0795c7ef4b04f	165
cee4edd751268826eea8367d6e323d69	160
9238c90b71b02603b02600c8c0926a13	164
71f23ebb8970ba9f2a66a30138e28611	180
484287fb60a7d1e3b093226e6bc1262c	164
36daf391cf9755a0c2c529ecfae79638	165
dc93b55caa59518336ce1c93b8e4b9d3	165
54e699cc9040c66a9a980ad7e52ac9fa	161
f71c6200650863addaba0b2cff87666a	165
2128b8f3028817e76f5895a0941596aa	163
79dc0e19acdd801ed5479405fc875041	173
23a4027975c23fb001e7961a63e7a21d	165
866a55e89f09daa23f9176741fd1a29d	161
dee32d96b3e49cbea58bb10eff6e5687	163
b079beacee5e5e213bef836036b3e4d7	165
5147bfd6069ba74a70a2ad0d38a14374	165
ea0136675c10f6f4b01788cef8e7efe2	164
0505db12902d4314aac7dc5553b3f59a	164
3127babd1a56f9d0d65d16b2057b9e46	164
bbd2d2a5509fa95309737d4e4a894afa	165
d62d0f587bb6271cb4a3476b86e50a30	166
c70d2d14e837c6e4c8d6d289f5309811	161
5f057d3d477986e6a9aed0a9b384f27b	163
db5aa66738047a4e4962390a1ba3aac8	164
c50ecee9ddd3f3dd213db8ef9019cfb3	169
48a421d0801aeb10e349b0974181d19d	167
accba2cd8d018dedb023f32bdca87142	164
a36086d0424181e7fedacbd5ff8fe21a	166
3f009adb77bf4a9d99a37031da7e90d2	168
aff2bfd9a233f7995ffc3369fd7ab3d2	160
1a7a474975a5951b190db55c6ab937b5	167
47f4d22d964fe6ef28c480c5b08d46f5	165
f5167733149d106fb123c49ddc0a972c	180
7d5b190f485c8f04299bc915d300d8e7	164
368bacfbedd491aa6841c76375b43909	164
84a82f7ae5f0edc83614c68d1e652abb	165
54b3f0392096bf78f61fa90dca36da83	165
2c3fdc2cf530ec50391e207cecf31974	180
e747737992c9e4ae3bdc0b664389fb74	164
c645b944fcf7cc761ff12bc0bcb3f803	175
22ca3fc9fae514a65570ff83159a750b	161
a406dc15eab57ccaa3e573f72cdd122c	164
ed78f428300afc6be83b47e3f16b6420	164
95c8356abb8777f64ba1b78b55f8a898	164
1b94078f1b2b0b1c5e3c8260894e68a1	165
7e1f619183b0770b640e5b2abcad4c5a	160
e45b8162f0f8e6d3b09c6d94c3d30fc7	175
069262407c3c07d6bf5cef3daff36d15	165
bf1442caceae729d32a2e0e5ad8baaf8	164
e9815d9c971a05d1db7a4628cf0ce0f7	166
a575e480f06f04fdeb6a7de1fb62d2c6	166
7607362d24d9aad58c77dfa3a044ae8e	165
6e4ba4ba0deec3c61a6b544edf424ad6	165
5328257bc8e7e7370a1f261c71327868	164
f6eca0d802ee7f99f70cefd0fb307238	163
6ac5a1a1286b316b409fb7051e5acf79	173
fc21041d7d249c201ec72371930cc431	168
4d02fd02782ddc8ca7b091a07a08008f	164
2d525afb441cec1e00dc51662689dc11	175
c91b9cf5d115d95ef6785b243a3de5d5	162
12caeee32d95158085d0faa1efa75d45	164
d403b643c93974233e4b4f474c1c01c3	167
581b247e2f051012d0ff5e46c899c078	162
d6ee1aaf5d3f4a56b7c5b71c6d0f6dca	161
90956408c4ca3517fb31ae8d50d0530d	160
c18e7141d5544f9b09577d5d453f59a3	165
f48238861403d1c0d36ec3841ffe3088	161
98738e63cc076f3819c73c29f89f1ace	164
4ff389169912ca358cbe637e7b371dfe	164
3cbfba72adb4b6e7e6cd6c1f667e210c	161
62e2d9d8db6c62f4281a816a43b33312	159
0d9b3e4debd244647e0d3afc650684ac	165
75cd8c8c9be9321afecd5a0ae06283a8	161
b2b460ddf7d68b95b15c25be483e8029	164
b48d0932a995677125b6f81c6c8f3ae1	164
d97533b67b930a6aa89c6e012a3ef8b8	160
9b7a26c11e0db947a619ad2bfb9f33b1	165
9d45c1a9dd52d9150a30769789b22680	164
12b13015bad875a3d61173f0796efa74	164
76f64d11b914aa321ba30c4ac775d81b	175
86f45b310c0957f59db70fce8608780f	163
f1b7751ef1c84c67db147c93d18e526c	165
f36bc2a0b5f04be85932791e65a0793f	165
d8918fbc0624311f87f148fd8eee0bf6	162
a8e2528fb43959939b1da8625afdf4aa	160
c13cb60ede41736a94c32be480b76c69	173
1ec7e961f9bfd19bc9232fffab0477f4	162
4a38c3d7ee70358df6c047a3b6a1d3fc	161
8dc6c65fa345e6c01f640bb9f575ea91	162
eed08f82d17a9c490fa00853a147179a	180
a1caa18c718ba535577202842fd1e9b5	165
9b7ba9649be734cd1b5da2db427b8b9e	165
5e3c91ae79aa947de07e405e51a03738	164
bb6d6560913db55868fd32c9f47f36de	167
3776296dbdc8f901a1b14ed8056c3061	175
77818b4344bcaa8a280b253d1b59b5a6	164
64f9723fd2d77e5c15dafdcdbf6197bd	162
8637839d2a120c7d0bf9c0bcace8b527	159
13eef620c14fd8d031b9a319fd9899a5	160
dfcf07cef1ff3797e4ebf25b82dde617	165
af3de250a2a15b81113f220f2c07d1d0	165
9fd90360caad4c74393b9c5aea060f23	160
8d2bb85993db89cebef9971171622357	165
07cd2e6ba24dc0901c2f63b8bc40c13c	165
46556d59fa32c04267e759211fc14635	175
4d91df804001a8453272e8690478a27c	177
0c362f485b6ae8c58c59c424a10eb149	166
abe9f7ecc575990e9ceea2f06f1fc5f5	175
dcb026cad8c8ac70479a6270f2acffa9	161
e9fbf5d3d9690670c80ded276eaa2a83	164
dc8a21aa70663cf2b3e8f757bf1d7d18	165
3a553ce0900784c7673cae1a5d19ecb8	164
39081ce2c7c79d1bc733f42bbcd1cf9a	161
8692952fa62501a60234d1b17ee2cd27	159
37b047a0c58092191165e9ee0be1cf56	165
aac6e403f42a4f666128b7cad5691f59	165
6e1d2f763a61c6fd01466b59f19b6cff	165
3ba687eaa4ca820a6d942d4887a0097a	164
291a7137e3959b1812a900a8eaef373f	165
f0496ac02b0174d868fafb4c3ceeb100	164
fdc5477c8dd47f9c24aac3649e8b4197	166
988c0607f7dd0af4f64e685404d16820	164
733ac277082694000c3b24ab4b16518b	162
09d2bb94c09ce3e685f15291e6894391	165
d2eb595aca5c4cb901a12907bfa1868c	180
4b3633ad5fc74860638339ee0820a68b	161
2db69747055a6032fb34838593b56f45	162
24ad74a605efd5e76f5c84b8e7ab4d78	162
96adb165dc5ed51dc2bfbafa8d1e43b7	160
9e96cfdd4261ebd4b523719adf120c6b	165
99931d019cfe62f5e2bdf38dc435ccf0	164
7915027f55612fd63f2ea04a0cda6b13	164
0a653b21b9fbfe65f795e289fc60bbc2	165
1ee0586a2677b5f7be7e5d7801b7b7a7	165
cf15017b1217dbe00c48c8b066b9a10c	165
771566db93c71b2796c6cebf8ed8eac8	164
2cd224cf93f59ccfe3466dc92ca6ac72	161
991327b6254d455b34abed2a34ef4e3f	162
0fcbba1d5d597cef3f34718d2ef8094d	161
0286c6772b4991393e46691d59e0f1d3	165
55ad5b4152f2c6fc2b12036b074b5ba5	165
2c3d62abcd7f0ebb16529aa1ef8715ea	165
efe166b76dac4d6ce950820e0c9108aa	167
d5ffbb3d415b6cef9d63cbdde5092f9b	164
bc037498816523df2a789dbb284c9bad	166
ad4d4b753579dca492ba2c4880edd1b7	175
6e079d19ba6527bb931adcb2e04d5cea	165
4cbadedea2e69eb9d4fa36a5f6b69989	164
7588df89fc85f86f3763faabe2f0c3c4	219
61e2b6071314cbb0aca9cf503d0da664	173
39e8b989219f889e6b36a358a087ed9c	160
68b96293800c475779a31d6e227042d1	161
3f187814b1e5c3c379b89401c1e3c132	163
1653acfc9bcb67b59c1f89c4be8040d6	161
fa10412e6f01257ff723820723c7fbe3	165
28ed2da2c8de70b35b01bc3b5681afb7	164
1d52ecd1b7c9e77737b2720e6cd7bfeb	167
84e1cfebaf464ddc5da4ea2c859692cd	166
550be365e3e5e5ce56e922d6c1a97e89	165
559d436d051eed214624fdbabbfbd2f9	165
9bb2d154963aeb488c47fb00270301c5	163
e772ffdc08206eda40f09946ca52ce9c	162
84ca6e822e8ee751e96de0a67b514fa9	163
129a90ec89d22b6ef5dff2bcd923f75e	165
0f1ccf2ccb08705875d04d089f09e8e2	164
f5af31169de422513a343283a2654f00	165
6d1bd2abbb9f89b3d367145bf044a393	168
c54a92bd760eeecb8d408f3f75d4304d	162
d9db3a2a047a8ae631dad6752c151913	166
4a1d944ed7bc1fca1ddc4fd6ea0a6be1	165
8add8171ba31e7b8e1c8407d1d7510fb	168
c02a9b3c999bff48a8791cd6cf534c61	162
a01a23a3c9562f8edf9553975e31034e	165
1d307518d10665005a7cc6ea729c9e36	164
c0fcdaa4d6808c5f142bf183fe74967e	161
c38437e2490517424f3763d99904aef0	165
9dd5eac45a8cc8ada9e27e29e0691e68	166
ccb4fceec3a5cb57335b852dcf87578b	161
8ae0f56b2aa6910432ff2bf39edf1b6a	162
387e4d38ae6b5a4b5f4b3bbd3da4e8d3	165
dab51b41aa25736166a538e2c3eea715	165
8c841b20a7eb429e351c588d4bdaf039	162
bbd514bd864e5b49b1cf1beb803c64b5	165
871c0560ada24ea455fef8e42926c598	164
00ea724390298164e680113bf55e9f59	162
0bd4d66db3e56d672437951819df5de5	162
0df2cd96af92b89d0a645040c45cee94	163
7ed67fd21fdf9ae73bb951f37916f110	164
e261cdd84611a279295cfa1047bdd380	165
0b49a4bbd1a734ea9b8773dd0cd07d66	164
78b9ca3615ed8db0fc72fe2aca24c10d	164
249e080b844d9f218ca8779b6e751c62	161
5923d41e6455e0eb22e0f153d3c45e25	160
ef06160002a9062429a46a822745d3f7	165
6f113424019d0fec6d97e196bdfa0215	165
fd6d2127f54333fc415ce0f6c0fe1cc0	165
9531ef070902c44fbc66417d483c160f	165
7fa38d80b19cd5055784181141fd06ea	185
6344d67bc522cbcd3479a9d8cec3da98	164
d434e0e9162b7a084f0e51b1e2910f29	165
f5a1e346e0316c13e2a91fd9caaac00a	164
0836f975291adbe9d6905e44ed4ae098	162
c509c24f38ae44043a7ff432a3be0e32	162
3d989bee3412ca3d547d4176a37ce120	161
5a7b72b6edce21a14d10ea287b59d485	165
95e08000692548841f852ca30c939c1c	163
20fd26924f408fb8442f780ce1f38221	162
3beac37d4d4f930535f7975c7ae26575	162
ae51c79dd54cece250fae667ca901329	161
06c7308ed4638d5d173b25f5466bc89d	163
78d99a19f6fc702d822290567887e69d	162
5379df2ef720e9db14e1b7cc4ebf383c	165
4de6ef0a1b7a84368e15c4a05eaba23d	165
233e22cdc140331c0a4169b85d187a3d	165
5cf23386d52e6d06a31e420828ee4e0e	165
db3e468ccac7b4c10ef9212589a96dbc	165
c596176885695a37ebc4d8268304c7e5	165
06b74e1820a2cce3074e514eb051119e	160
31f40befea8ebcbb970e17251e4cf7f4	162
61fba1827789935c17086ac482f94707	164
babf2d0f04a426cc4099400c4c34bd75	163
bf02358d1c4a3705b5ddfb9a01f81846	160
cceada05e1470ffa816f3417f33fb221	165
9b24b20287c25c1f31d32724273f4425	165
20f0f203ce1d2e5ded189cf767f18115	165
6c9162963b77abee235c93e632a5ffc0	165
2dbf0bae312c1b225391f0e46e3c6b96	166
078b61f30d169e19fab14b4caee86741	165
da862e570133eb42632359239b6e2fb6	163
87349b00132b873abd7ec2e9d64e3324	162
b91a73b208c783ee9372c9d22b7cc389	167
1ef645df04db78d519e258d8f91ab2dd	169
d334d97e01d4b9368296047c0c1c1fcf	165
dfecaf160009a8d7a354558790d615bc	164
91ad761f47f2fc2fe234af76eb5e914d	161
457189636da74d4a31a182c19554c2a5	167
8e11e72a502bd9f596a732ba6cd7354e	169
c046c92cd489ed175d388e0f5f375915	164
fd2bb3ab8bcfb203c57e0137f0e20cac	165
ca5eca8fc70c96b5801cd5e99b2de24c	165
6f6deb1669c6f1c21f34edfef6b8f6c9	165
d33bf5874f31eed7e560bac7de2cd09f	180
c3aeb6585b60c795fd54889807c9fb19	167
cf01b48a8aba40866f7908dd1c8e70b6	166
6735633cbebb6d4de7e20c68bdf7e448	180
9992d563a056c945a745b8849c5d2ec4	180
d666f7d210613405578196c6bbd63d35	163
664254779ef9b8256b7bf7cef0444195	162
e4a85b73bbdc74283536fb8b54a0892a	161
9d72e72014e4ae9a5b1e0528205c8218	165
05caeac5bd0ad9b20fb0734022782a57	164
b64ce436abd44189f927995d8926a670	165
5cfeed9ca7f9c7ce05701af0ab614f2d	162
46e397c6748f357187e6c01e6f53e938	162
fafaa6160780b7d272ee9ba3819f117e	161
3544fad79ac7643525acb1fbb1f26a97	164
14e01bb3b91426cf15a5d78b2d32b8c4	177
ebd32e8b583c094f1b6db3c975089537	165
4a30ea637515a8eee5a43a09c03a41e8	162
dde4c399b271d3a9488ef393a0910051	159
4867f4ad53c23378bdd61a5e6c85c141	160
62a1f7dc713af6deff74be12ba02de1c	164
76ece95bdf77791cc77b86c61fc7161b	163
36657f8b99178f9714ed08bc5a445199	165
28910db4a8e2c7a074ba63de8c4bcd57	161
f4cee3a725b2529255e9a87248522c56	161
1ff0769ac992551fdf19053550c4a1e1	160
69d499b752119fbdd68e92f94be2353c	165
d6abf97c587f27561f166a8cc2d0a3df	165
219f1c7235388b2fa3b5f60109258242	175
a2e85ae2818a4f42b9133571d7d0a20c	165
dc1851f9669053d4182999877cdb4647	166
400a92a9628628132819f013b93acc3a	165
819f71d3cc8eb799be6fabb027dc5103	164
220a2f5829efae6268b6f60dbb0f4285	165
05513df77cbacc5baaee592b4a4d0c40	164
992723c3086bcc9278298ddeb8c9ead6	162
896d328bfd589aac9be357974efcbb6d	164
edc19720c6f54b4c2a9c04f996be5bdf	166
82ff5b53e4ffe0b376716912875ee776	164
ef4c724ecd9d5edf0b50577c69f37990	165
673543dd18ead5f1f7b09ca159156b6f	165
b5ca4de4546dd6f5c42649e934241fa1	180
d05e961c78d53449204209f5af728775	164
1987a8a612026d39ec054f990ad4bdec	165
8fafd555da231f9ebf3e79be238cb245	163
6aed7980860e23107904df458b7580fb	164
d5ec91bfc73818f93795e0a01bd47518	165
0bc2ed5478d94d6c9b57ef1a8ccb1e01	164
6af22ac0dd194178715dcd70c4c4f17c	165
bb5d6c318f00135cf2932e5526b24fda	164
5964fb5091993d9eb8f71210b8cdf22a	166
294037d6472281e483de1d615357e551	175
7997682bbdc5f0878be8b0eaa43c63ac	165
fa2dffd2b443d441da26ed8dd717742f	165
fa7fb01e4bd1f3e2298bb94a047cc688	162
8bd541a9361964ffbf18e6b7405b1e48	165
86184fd543b50f21fa20f494f2602291	165
aa31c041f957a25bc2595def3177bbbd	166
be219c06b92bb86763adf08ebd76d0fd	164
0adc7b435073fffe269a6671ecadecb8	162
6a6f8a76cab50eb40d170517a892d2fb	165
885d2e666229defdc0296024218a2e63	175
8e1919c9ca5a49b3cc1bc6a574750dd0	164
edf70be1333e257ad2651beea3836d35	173
4bd6a3c7b018c8bd89f4b579850031e7	164
bffde132965c378a9dcac20901a8b1e7	165
11ca5fe17d5cb2106af62117091c89ba	165
b293a71ffef0b1fd28cbb813bc96fac1	164
502b9488e0e7c02f045d9a7e80d1fed3	160
0a6dd978c91fcad99fd7c24168cde6a0	165
eea7513941d456f8a537310c9ffca657	166
afba4f5045f911ce274c23ef307fa73d	219
92c657d87f1b4f150e5b204623899ac2	168
b5028889098d0449883b3e45e96a8b4a	165
d4c4da186ab36bfad30c3d4971ffc1e6	164
f68b5eea60577d1fc09ec52e810a145c	165
e7213f6e88f914b8359b2c9c203f3744	161
4e7f07a99c5353a8edec02655b4b0111	165
5bb9a31bbf3740adeb9262296134b028	165
a6b31a76428d4944eba1296bd18c8d66	162
a6fc3579319504a2680a164c9688941b	162
85765a39525ddc9b55290f43ef4cea0a	162
5db102cda873c8a0bb2fe145ceac966f	162
c7c270bd703c6f026d5ab25a77f9d187	165
42717ea0c8883ef74ec8fc0a6bf0336b	161
8399f3262559a1a41f25f66073ccc08f	164
90c2ab845c97ab3e191bbff45a641fcf	165
ad34e8c4a438f629cfc3e454bc8a115e	165
c31dbe90e1ebb2e16187eb1fc9b06a3a	164
e2a5d9b94ed9f96b280f8eeec7fc2ccb	161
9a36082f51a8a40adf5dd2d34393b8ef	165
59a728b044bb3ec299671e5ef9c1a476	164
c82ba61046940ed3729dd1c372da14f0	160
e8612bbc13c96c34d247acb761077f39	166
32730fc4e80ce7dad031dfb1905f3fed	166
c948a4254489ead9183eaa1a4c1fde9c	191
df1bdac7e1ce1b0044fc74d7bce2e3cc	164
3a71ad8e9d74f77d2e90088ca06cdb85	165
347ff130ca67b43fd31a8817133efd48	165
640b146c6d9bb1b9b9546fb1e5afc89c	165
9acb5275ebb15c133fe273abc26434b5	165
be009be76d30daca72f44afc39f4867d	166
a01e872d04b625fd5639b0fe9270b81a	168
fd36a922051a7b3c0a48f49d14467400	175
7b1d7dac0c78e6e3c7044c64482bd9b3	164
6e8d83a73aa9efd384eb71fbc1f65d15	161
498f36bab981e9b3655b642c1f2f5175	161
8a1aadbc3da81769accd202299ce8718	165
1493bab2e8670a153c0204088ed18616	164
85038b12fa35f362863bc2a992741bab	162
dd3f957ce0015a637f985879f376bb05	165
19e0cd9ed6ae97f7c0f25dccc8213d9e	165
9a5872f842cf195eaabd789eeb1df968	162
41c607bed81ce75f00e39ef1e8031462	165
3dda8cd6b776db06c962d67474fcf20d	164
c6aba5b50b44535c0d7bcede421abd3a	168
51ebd330b1316d2d9ab5ce7d2026ca5a	160
67bcb4e5db72d49c0a58cb3bd5c053d1	165
0a228bff1d8d3985765107277c93463c	165
b9bdb94cb3f7bc3d28238aa4e173c297	168
16d94d74e0b57242cee7e0fd554ee341	163
454a5936f7981bef15ee21fe03d78a53	165
72b03c55d32957d326ef9de612f1760a	165
62332a4f0ce62e9df74e7394b27516c6	164
d989f75355ba04f7b278fe54aef04a82	164
dcc2014802cc31213fb50ad4a93ce9c0	162
dff44573c8f80b6471079faf40219a54	165
e2ddf22db20119cf112a0219c236c97b	162
35acd4883a0b2aa19c05060c5226ab37	163
efdcf43e8df0d7a97ccbd3b842e3a5c7	164
f57f04d8e4e912da68a317c25901fc86	161
c07a47ae984f06656db552a85805d158	163
3f584b9b1d191bb6facc4a88bb6709c7	164
b186d0b74e3290e8a7e8e09136446790	165
45608908e753917848a83b989429ce91	161
c3261b6c2f0434dc37184a2b3d4d2773	168
cc9fbcfab3bf92ee7a69c10e0a455abf	165
85892bfbf1df8392be27ba12ec77d74a	160
fe03fd56854b86b6b3db7ffb6f73c93b	165
553af174a7425c6e25260d929c3bc94f	165
a9a20694800bea329a5177351763c7bd	180
bfeec72ca19d0838012baabe6082f173	164
e456490beb4c61f7f0f0598071fa006b	161
daff77246470ccd6717b3a4647996256	163
ee84796ee05cc276ef9ec627937fea67	165
7138ee9b20c58efd2b78f0e51e1719f6	173
817623ef7c3beb9088066c9dbf10413f	166
eb98ab97f03710b88d6079100565a43c	169
13eb25b3c8b6b275e96b03fa4c41b8fe	180
53abf37750ff9152673aa54209f9d5da	175
b451c9c3b693691712e63c90bc12370b	165
9f9b463a36bb5a71544da22ea91f1418	165
1b0f9dfa033e3f826ef50ca5844a81db	160
f419169c4ee38aac7c3fd784c9c46d1f	167
f22929aafa953e5f7ed51154e8e89a52	164
7e8d55e351c9d5ba9f335d443b3003b9	168
fefa2d06a1adea03382ad33fcfc08d95	165
412da89d118e7067017f67888a83c258	165
062c74c86487fa5ccb03c86f11684745	162
80eabaf4b6deab7f76af92bf34b836d5	161
e99fd1ce6a88bc5a37234e76c4dea2f0	166
5294015d85e36fd9874c5ad81ca3700a	168
bbe4af51acff230c0af9edc529a33ae8	163
6c57e08f2e54b0d8f19aa36029004a54	165
a33268effd0863861fe5615de3979246	164
11aa6e0a2fe014967e8cd55b1f5766f8	165
bccdba7bc0f73a2afe19d418a15e1218	164
f4db3ebcced57bc5d10f2611e1368118	165
e5efc591e4141b8e92d98adc29956e9b	160
316312a75774cd8ca2df3741ca636211	162
972a19ebbaccbfbf7380ce0a8cab1d09	167
fc46f5edacdfc39115f4c90b9604a1f1	167
0fecaa5ceb1490852afcd505804e51de	165
76ccadcabbbb40bb663d1450b2c02e1f	164
9fe06bb1766904c4b5eed7b620f6c4e1	164
6721f7d22318b40d2a57c8d5926a9f5c	163
36be93ef2bff895327a9a20f4439412a	165
4ebeac839131d763003fbcc78c3b114b	164
6bb69db5310a4fdcf7174f35f9f2fabd	164
36fa091f528bc3478a0a33591d89b035	164
b8348c246b1557a4fb914091cdf87802	165
d954c1bb60d1ebab9b6ba2b56f420509	164
ce60b9c4a771e95bd9d7420018e41ee0	165
e6ad3dabd1da8d328f97b1c2d0ab2db3	161
9c55c5bfbd95efa6128d780e23cbc293	165
e1bfd4bdd14339b245a945388e2ca2b2	165
120a616708e373eea86730ebad9d5175	169
ac48a86705d35cc86d8a644542978580	164
0ed4e3c94718138e6745386e752faac8	162
c77374840634b80d4deefd01f988cd00	164
fb7ba833a02b5f9e8d67599cc6750b04	164
23133aa2d7db27f6b060bffb85892fe4	160
272a4a22b1710dd065fa638e20729498	166
ebf863271127b115b237ad9556adbe84	166
52d5f6697d2cc727f85c17b7d3944291	164
421a2f48dbba5ea2dc43b2afaf2f8b74	165
3a2466a4656d6c6829851110a994f560	162
a2cebfc5ea5a24d395e1c00bd694fe4c	164
862b0b18026a08230375768563f60413	162
79b7d6ffaaf6c4c9e393bc6b812849d6	165
4a6079790b303d14e6faee16b7bd0b72	164
d6849731ad4ccc68a6f665415344e674	162
eed260be19e3b0f396b66f57611b452e	163
c8d21f53c6525f820e1838c8fcf42883	165
8c43a8a2b17f4ec0a15b621be0d3174e	180
30e85e00b5f239fb8769d0aa48311852	245
1ad1e74a976a0478c88a660797199bf6	198
4f2282f02de5dd24f9b77dbf22124825	161
4cfc022860f62a349a8d7924c2eb7da6	165
7a78c4d8387059f3a2520d1988971ceb	162
eaf50d179316dd567791040b76ea0e61	175
29b7e887e8f412cd1ea1155f4e9a0969	160
cbf18f8f21221436507af5f12444df8f	162
9e56a42ba17967d40e0011d6df4459a5	164
1f3d9e8d0350eb0ff05124170885ddaa	165
b2155d6ec4edd3980dfcf30450c06d7d	164
368204c96a546ace60ad7145c063f966	165
bd1aa1dcbb0b3ed64ab5bd06db3765ba	175
d6bc631ab48ec9990cf8e89d337a0e0b	161
a7832f693f77f98aae9164cc420aa2f8	164
035fb590157ef1cddac19f447f060e3f	165
2752457f3ea366a208c1e6469ea139df	165
7e80273a878e16cb6529e5e85a1da3e9	165
381c94060a2d80e2f145bafdd6e96a6c	162
8c37b0312231e63489a8b2b28e48b6ff	164
af9efc3f65b29e15a8cdeffd077920e7	162
9d646564e78086a57a003a9d0229e609	166
fd347228ef890087eae6dbc9951d10c3	176
7b08037f31e92d3b79abbcb6aefc7b68	165
2c1fe9d986f91873d4c0a78a9597ee96	165
5906bbd5f291994088951ae21c3bc0fb	163
3e3495bbcfd166db7809b9f774be6822	175
59fdfa31e1dae2219bed2e56015d3f21	163
88a62b3f88501af8e6036b0687499b18	165
b65f6c220ecaa57770ea849c1f8aa8ba	165
0080f3931a7d1e297e3131d8d5608f36	165
72e06e9f7ee7900319b834ab3f8f8f26	165
b5b805046a690f67dc00dd16659490ae	165
57e0fbcd731677282c56dc73ad9912b5	164
f05eee436398395f1cff35cc102e2fa4	160
56175f009cc0332ef4e553724c475dd3	161
f898b3f437686c3814b4c8f121491635	168
3e8b1ed1596c7253c3b95284d457d649	163
8c7012dd3520a74154065455483f2cce	164
b0548002aaa651dbbe64985c975787e1	161
ad1898aed7d7c156ce70e6951576cb43	164
dd9d7dea9c96f72c5c422ac85e7ffade	162
2c84c3b317f857cd4c8135669e6176e1	168
0d9364a5ee7c549f46971e11d32f8bf3	162
6b077c9d8220bd1d58254dd951d67748	164
c70730910f848e166bafaa8c94fd8c35	165
fc2f70fc096f1e14316015224e64bd78	165
fa1f581dbfbee78dce973c7e96397109	165
75ee54e087b36e77ac3d0e8ea1f74343	180
f5839c584c7615b588559abd4bf236cd	164
215bdd13a83136cb243913b44e68a9f9	165
0bfc79062bb44fa53893b381ccfafa68	162
95d91e8c8309fbc430def88435c3656c	165
cf7dcc08a618970787169a5bb0d0259d	165
0f85c3062ab439d1275d12f49bceea7a	162
fd238a1c0d974e58dae347cb26f0de4b	165
0a6e161af40b6ee52045f57f7252fea6	167
1d12f36fc317e46e5518b4f196e4c86f	163
0aae0ba8e2ed431f22adc36d8cef1ff4	160
8bc9123305909771fc90b9faff1eb263	165
c90c3d708639827dedb1ce2e0bfa1bf4	164
b24b6655b329a49778e56cbc03c5b7d6	165
246b2c3a7e3d70415d8e5cf393c53b17	163
dcfb6e6b610cf092fda71746b61603f3	168
1aced8903b8e9b780ea7cd5da3739a20	165
9f171902a72c490c5919025eecf85a69	163
430578d91121e3b52e4cc30c372b513b	161
e33b904cb766cbff604051b86a978f58	165
aa8c971f7b8d5f7ef399e833ddd719d8	164
c42a99448f4ce475718c70fa2ca6620b	164
278acb8f3badd78242e68e43790e5eff	163
15cb271ec9e015314c55aca9db35ec1d	167
b247d1afb9e093fd8cd3704ea1d203b1	159
a2013df6be3bb6c80633153befd85fc7	162
0c5432000d4368cc757fafb6b92906f9	164
d60b3347fe780fe2ffbe701a80edc556	167
f3770edd658abab64c7e03791a080022	166
d1cc219cf15c6c3adeca522dce25d339	163
36adbd496196c8bb49610ace0231fafd	165
9d632769e5fe29349582736b1ae7dafe	165
9e46abef3c70bb9c730b110985a4f2fd	165
c96126ec654f25db9be56489b9e93a93	161
be334c4830d4c94ace69774ffbeaa2cc	166
4efb510870689381b14e4db323a8df6b	165
f75f57c5d4635067aeab9edbe2af1e26	166
c043d7f78544dd733f35dbbf4d7e6258	161
bcb353efbd09ad884b9e0405881b28e1	165
53270a98e9e27e240ba79c93b656add9	161
8c36a644e0b916e3a9246b9fc3d58abd	165
b4ebd369894b95d3b2de5712b94ebf92	165
872ff709387e1011dba00bac9b711e80	160
7c64ddd7165925c2bc5c6ee4b1d24341	164
6cca632b4245d837ef93eb17702d136f	161
f91b246835743607c679ce495cfe1e71	164
2002782a0109a20fd20c4032f0120d8d	165
cec57c7f9ff79f60cc90cf8e6cb70eee	164
4e9629a5260ac2d4f1308d2afeaf521e	162
3415d9041641e0c8ac37e6c094a0b0e6	162
a39ad074e45a73136f0b96434b84235f	165
fdb7fe7b8ca5f4c514db8e1aca9041f9	165
1bed45563d82f32dffd0a9d24eba8b1b	165
e319e9a92c35a4cbcff12028ca55062f	161
8b9952b01b1604763772b760578fa857	165
de1358c9d18baf5d2012ce55b9ba2806	168
c28fe1aaee1bd9042cb0475bf89a6da5	165
79264970d954610ba52d467f63e2a236	159
a7e6450116ce5d23ae5596c7d0d89ff5	177
8fa8d5d004a2397d290e2dd510b29c07	162
647f91ce7844091e69a15640424673ab	162
759c0bbe466793de094d4b14f53bd4cf	161
508fe0718d3ecd29ae2aab583255e61d	160
ecc761e25ff480226fc9548e50380125	161
1932c25ba49dbbfe49330721cde0a178	163
02810550c13b714896b4505d737e4767	165
ca37d9583b7e52d89ce3b797147356a7	168
ea390d8dd6bc0029ec714214d1219ca3	162
bc0fb1a983d34bce26fc35571cf8b85d	165
533a78fc2a71647413be3af0e991de9f	177
56b16067d4508b040e0f5d920086c609	163
e9c5bcc6d8ac5f257374ba5f79b12a19	165
679bdbe29b8830fd20ddce637db0a478	162
a9a0ed244c211b9cc5463d292b1c0599	165
28cde2ef532e21bc5de182421b82dbfa	161
1ec1b856bc31c6dac1a654dd69de15a1	186
d2f0c9809b8021b99a5e25c5f4f28254	166
1b14870099c34135c74d32f5d8729235	165
7834c2cc34f315c709a93ef1c7368f13	161
b3bcd9df9902ef8d1ed83e35fd2a6b69	161
2f77a053c1f80040e56973659520d142	164
c41add0aa13b4611f0bb7e9d2a5e60a6	163
638af166f2469500f4d9f88ea46e6a8d	166
544fd585d1b0a080bea72fb4b908294b	165
4f865bc1d3fa01782e1843fcbdde239d	163
c06c738c7416c4b3c39fed0c042cce9c	165
f49d27e5491118cda16e19efedf3097f	168
71ff81fa3b93b3f02e697b858fa318f0	164
28706f68502498667099b550e33f814f	164
f40940a7e52f02c5282469e5238b3a7e	164
a37fb2f7ee1d1cce5ab7d5652538ceb7	165
22a0fe6844c06616f9982db6245a30e6	161
b957d565b7b8ea70cabccc044ce5bdba	190
2e1dfaf7f132537043b9b6ff4b3959e7	163
78afb167885c19ffb87a2d1e69112fbc	162
05c1bd09c49ab416a520f8680534fe43	165
800dfb5b0f1b47a8a1477ce6a3dcb99d	160
f00f08053db55e54ca21a6eadb6ea42e	166
9dcf96f94a1005e574db85f998631aa7	160
d430a3be6e93a567d38afa4a0a3634d1	175
33bd336f64dddb31eb54f3dbead27e47	163
c9940f196a0bcca61cc4b80da6b195d8	245
830e6020c8ada9195388c794498ff67d	162
c4b1948af115d3d2ec0fe4684e49edd4	165
af93955e474980c9ec8494c6d844c549	163
2ee816f0b749f1ad93fe7110c0fc5160	163
28f48f5c86cb5b139737c3f1d8314689	162
2f84c81da0134743f81f3f205215ab1e	164
fcacd43b09fdb925e2bd34ba2f02eff0	168
aaf1bd2454ee60a52aa792311b242225	161
41bbe6514f00d984c82f682c9b56d6ae	160
54b8712e4133dc80750b277a52723516	162
86c5f386a7eaf802a24ac1de322deeb5	164
76bd46d5c008966e300665ff5ec1c43a	175
19a14f4e42f719201fc43f2529b2701c	164
1f0949ff7bc31e4a2e04e955890a1ec1	161
27ef26e49913871aa7c3d2db76279495	165
8793bef0e832c3cd34e40415cb75c7cc	164
5abfaac7de3c2ed90eed1344f3440ab4	162
3f810012d352aa11b861adee9dfd5450	168
1f39444517494436d0116f60d9891613	165
ab77a7776580c35e24dd023af1d7c11b	165
e78fb5543efa0c216fe8c5924432e8c5	164
a9958cb994c4ee1403b3ae710e78b66d	165
9f9efb51055f4717badbaefa29abbba9	163
582a5b0b07c3027562d0707d51158a15	162
8f19668f43efb9740f097bda78125219	165
72f791eb6ae6d9493036d9b620139ace	162
56e8ab1af2012e4d6c8b48eeb8a14c51	164
6b15e2740567a9b60a8e34033d2bc991	165
49d4ef1a597644b0547fdf5910dd18bb	165
9e6bb2fc7762ddfa985f1366ea92b128	164
ab9d0ddf1d11406d03dc251d715244c5	179
211da54fe64ca3e3ba7be9ca276504a9	160
fbfb1b8716e947e0705569d7b32e7d6d	162
eac0cba1cee90e8a1563a85cd65a7b59	162
784bbb0787c77710370010e7a943f72e	165
f215850a55e5f5f45237d8d3c9b2ea64	159
e8f6831f7f700b742e83e12bce0af691	174
000f0d9e1c3064a70badeae45f2ba9df	161
f955981c99b9fb0d9ecfe8222fadaff5	165
c86bd85ae50594379432f505a7d465e9	163
d3ed9123c8ec232eeb8eddefb35904d8	164
2633aa5ccac385660d3b7c2bed83814b	164
013a539c28d59f14ebe20160ef3cc4b8	161
e120db95135bfa3bf02d64796d307392	165
ce5ed12763ec1489b9c7d3cf7b9913f4	162
fa2493ced67fecab01e11989f5e9be4e	175
b20ecbb7fd033b48616da5ad75a512d9	164
277bd6a3595ef3d5c27e313edf28325f	183
1b468889570fdf70b9a3e2c6fe03c92c	165
79ae44e4e13914976cd47b9e9eb07d85	165
15ae0e9efb95f12a9a4cd34c5de7d4a2	162
3c99713a2baa5e39ea6240322d9072fe	164
b9ffa9e0f1978fb4bbdb0531d02b2045	164
dd840c1a9fa677d346a8f62388f223b8	161
5eb810a14684712b25dd5b4249db897e	165
d87963037f795dbb1e233331333ab07b	164
dc683c1a57a67b3b5982c133085d79d7	161
45297ff3eece0cac84cc9ca02a775613	164
97bfc0287d2b650d030b06f8fafcf178	164
7444e8e58ed154514e369acb9dced459	166
506cada4c4b0f15d5b92819e032b8dbd	165
5753e203fd19e54d9c03c051dd6154ee	164
323a20f9f8e3eef88c911a3c777b78c3	162
73bd997904deaeb54c36ec36f183f9e4	165
b57111111a45fe00b57495babbe4d21f	162
a20f00e1ee5a20ad931a9bea68b41d58	168
fe34077ad8712eb4750a992f8bfab593	136
9a0362d971fa7524ab9a9e431d24b94d	165
1580009a5ef0c9874d6385640ce579d1	166
1111b79bea1c0e1c65f17865a77c3b2f	164
bad5e02276eb77d9174f9d3b8fbed3b5	164
d7f36ce935d8abe2910b61a6e981f9fc	163
162d762398fa87b36a43bcaa23e5a0cc	163
e7c05b3d5a2797f83bcacf6206c498ee	164
f0305b477397069ab1f24265e28abbb8	164
f679c9212bae35df70ca1ec09fb3b3a0	161
ee5417d89702a61c48890c3fed5fc8e5	164
c21dd8cbd7c70104d6a88702754c63c1	163
da2fcc309960c630b3d319776d254f55	165
ea163b16407b1ad68fdd22e0ef5202bf	165
596d570e003cdcc558e5a61ab60bb3fc	162
197f85a030390d6930f98b904a0e09b9	184
aaf0ac434cde232576ae7a9499ff68e0	165
7f520162108b6bdadc2158b22d39a54f	162
e9d88c1c2ded6a04cc39e1688cd6a3e0	165
8224df72aff3ccf864444ba5bffe7c59	164
4c94e79e5869f6643f930481bcba5df6	165
c4e6c9137a9be0f76eb86364f50aeede	165
613b49d136d1d336c22dcba82e336476	168
3afd11a283b11282eadb26f54638442d	160
cbf315e0a032ed0ecef12c8f3ec26e0b	173
309f5c1719f798f230e1d068374c80bf	163
6fa795fcb13b69ba73dd9a930d21bfda	165
2a0fda8c523d1b54911e60c4cc5ab835	163
4f96578c1a9e4619037515251dbc39fc	164
20bf18a900d023083923468ded87e9d4	164
c7fb187f1d056a0d212326acf42a8bf5	163
fa371ddacc938e9a185dff0f1d958294	163
dc6454ed2d26b40272487394b31b6200	165
9c922c08e02ae01295b5f14a68a2b5b0	161
5caba9d6e151c7242bbcaf59407e49ee	167
c17d2a0597bc099bb4af37fce9cc356c	164
08261634a9c32c522aa835c66082371c	164
e3fbb368ae7e7b0b00e182dfe9c8a5d2	163
9b04c563195d63505f393709de3ed645	165
ee999babc642b43a5824483a0c504a4d	162
aad9f66dece6e101b38b5b553ee7f529	165
cfe1992758c7513ff67324d999ab905d	164
b9b84289704e372b48e781f566b115e2	165
3410e367eb12760dcb00fea9a568cb44	165
6ba4974b9ee316c02e33c744e5d17bf1	163
e3dae038a170186f837547b941093147	165
c94d601b2f5d1eee5b2a6b298c6ff891	162
e8ccb87ae1b871e419ae6a0aa6497f68	160
15519a48767b977751bda07c934e2815	165
3a4f6a116711af22e2bad58719d6268c	162
a740c34c0e9d2059958fc69da8bd01c7	162
52fe7af06534966c5253690e993bbcf1	164
9e7627b409e45df17ba7c7b2536a5360	162
30353508dd0cb210d538ff3a0fc136a5	164
120fcebaf67299bc632d2a87cf3ef58c	162
0c371b62642737fdf76c45851c9dad6c	164
6d95da4eeb9dfe30aaffa556f1014663	164
8530ce2f07971942492debbaa95e3fb6	180
3f00b64b81e85b1a26ad40fd2d2da457	168
23c339e37f788726d4a38452926875d3	163
ecffbe97ac3fe08f9e80126497fed3ae	165
41d7a781cf3000caee86e4599fc933ea	161
f21298f3b573008e5716f49450405772	168
bda5dba1f95ed7bf1f262e679fbf3932	164
68a85f2c252cbb3e1a0fa8e81a917166	163
c9b3ec1764013415c2dbf066244e2ffa	167
59d8c711cc1964d8e014e10d71118efc	163
8940e977f82bbe76641229774fbc73f5	162
a2809d0738e44fc298b9edbcc982a9f3	162
6b9e0e1282b4674131ffd03236671d9c	165
a8ed254ec49ce8e1376d884140b63db5	165
79971818634a6a19b9777eb18d7cb85d	164
eae23a9ecf44c3b2eb9e3352420c2f7d	164
12e329690894a8f8c71a6dc108edfbb0	165
34562c26dd4856ce5eaea60da0b7d143	164
d3e63f69cc99f5067f346f8ef2343d57	164
947c6c59158b9e4dfcf9ec157a53120d	162
ef9d015e47dda0c7ff8a7e85d15b0a31	164
874c95d21d6c8b286b7bb275836f4403	165
c69898d9b62d05519ac7e4c4ffe23b8c	163
6dc8c37924a634c555648f4e6aaf0b6d	165
a1291bab451fc1132b906f47121a694d	164
ebf7191efd6fd33357eee41c7a0fb2ae	162
6c27e672254483b97cfcece7435c48b3	160
3fce1ba20125d201a0f497717f3124c1	167
256fbc464fb4caa62911660a53b355e6	165
09210cc443c085563b32b02c55f36428	168
4978afb5a09646f70c0e4c3c653f5bbc	164
715a4a50227b3f03c0ca653ba227ec74	161
d02881bb66615ea50cc97a53059b9a2b	164
a1a79995d2e5525c68f32e31a8223ce4	163
0b6d095fe4be76565dd5e8a7cff78b44	160
e1961604241d6bde977078b4d76f8a68	165
f4d35668f0151861ff5742bb20b1c0f5	165
4347d57daeed032f929c139c28af6b7a	164
7bd611c58b8667cdbfa399c31d7bc25f	164
20c83559c39162d1803db8f97580d383	160
0469c112f05af9a9fe60760536528d13	173
4bbb40a3b7e656d8eed5676842531642	136
bb9ea405940e392eb040071dd7c13309	165
e33abad81ebfcf7e8c556bbd7821762e	161
632febf2897734c7dfb54fcb5738c386	168
7b332861c1f2136e3a41e24d505c3d48	165
3d9bbaa9ab6289c5672947f35c0453e3	159
5765572857eb538fa147b30912dea504	175
c8f4f218ae25a24d58c21e95a84cb00e	161
b493c5fafb814aad51df08cee186dd99	165
ee4319097fefeaac94d8ee79125503b3	164
4df1d366616fa61fe2957276156e8634	165
f9a148759f8b3e1f0e157e44c5e0f101	162
6a5c1215aa3db44fef0181cb89549ebb	162
c6a585816dfb6d12cef1793af9bf3680	165
4bec7bdcf43a9c45953d83d2f272202d	164
c0a21cbcf80e4899635924111e0c589b	165
59da41e238f2961ab606a3d3407b61b7	164
71d64e1dc2069d191407320361c8fd63	161
dfb05c1e8ce42055d58cebef34dc0a1a	165
0f4495587084b9a0f12c6f2546bff760	163
a6d7dfdde9cad309e6b3c50a017c78d5	165
e6d1d90159ee097a67ba5d1b7859ed14	164
e98ce3084b6cefebc5ad5676006e8c11	164
804a7834306b8fe7777b58a86b94f648	159
1b558a79e895cc06655e5c293543b8ca	163
b3a166bfdbfc81c27070817fc61e807e	180
ead13cab0b1e0c1c1270ee8e9aed126a	165
2798c1de026c615cdaf2fdca2d8dc402	160
97613203b3e2fd828c7f6b4448289a10	164
e781724b722eb80221539606dcd92200	164
990725563eb82717d6f47644aecbe5a2	164
9bae29b3699212b8223308cd612f8f3b	164
8331662bfb7292dc9cfe9ea0c26f934a	167
b7f13bd5d0d0895afa9f0e9f590cdcc1	165
a6ea19fe21bf4fe5776190313f3f403b	162
ff13ce3a112258f4b3f5d7d99fb3bef9	165
d8455d206242c6735b080365c16c6e48	166
0a4f6cc19c3641c8bbbf09adc69db1e1	175
eabbeb77b678f53e4793e1b1969e7d9b	164
5ab4d116abe68651a4095125288e0998	160
c7307c3c5a5f7fe5fa73e6da4cdf9f39	168
5275f6e95be69598b3f8e59bd39cf8dc	165
139415182a97b1c5395b39f5f49cc206	164
58968fbdf3dd9c6d6ae36be25f907077	165
db12a649d83ba4e6fe91dc56f4d9fa81	163
493c504b796d6b3f6d1c1b6fdd3f87aa	161
eb129385d770006792c7c808696ec50f	160
72a43578a3cc4fabfd9b48e594c3722a	195
ef5595e2e5107d11fe6def59119dcc2a	178
3a977b6bd975b6bb69b1d5dc5e5c2d8a	193
7865dcf62eb767ae2805633f7a482136	163
bd1cb6ef736615f40ed76170e381369c	163
8b20fac4cfe8bfdf8a7b2bd57c9ded4d	161
810604416d8083cceba25b6d96ee7cbb	165
afa9627df1e000f3136fb97d08349f69	165
7f684812ff3c77f947cee36cacf5986a	164
715c7b6ad4caaa0a4e7e0aafd194572c	162
8a891dcb58df3de4141dd3f2c641a8bb	164
b6707234730c093d8102b6971f81033a	165
2efcd6d80aaab1e85253a3132e2ecb16	164
a1bd51166589ac546f1c87bbbd08a77b	164
7aa1cf214f7ba26501e902d5896f99d8	165
d76be072fc60b98a11ccea2d378583e8	165
815c13ae257e0d199b1758a918e4bb4d	168
b18fc4c7fe8b38f3235991c5066c198c	161
410e32c027f8aebe3472795fbc22edbe	162
8567c92b37a2b3faddd75044d7f48076	164
6cd7543da5ff9a7265cd50322004a70c	168
8a9075271978123a5170ce2c6c8cbe05	160
a37e20c064b4ce2893885a2265afd528	165
f5b8362af511f4331d8d203b876f0e8f	162
4f65f084dec54ba56e3d3ad1535961cc	167
8d25b2bf3aeb4b72f28950ef13061fd7	155
b251644227d0342dd8fbc1fdc0c3971d	167
da4064fcf2ae69179de69f8ca55966a8	160
09e3985b4a7c0eaf1951c8a2aba7964b	193
cb086d973669366b97312e23a14ca2b8	162
cb14af00d2442a82bdf89ad50a715d2f	161
b157c8fc2acc6235a24649b146f5f265	164
5528717414d53068c20584dc4b1a645c	164
dab8e4821564561e0235a1cbd263c291	165
dd286ac8c8e53faf983bc7dbb9ab3a28	164
ae051c50d58f09fc70e0cda59fc37b25	159
721e3d3c3f0a7ea520b286b3feb83b7e	160
5a3efce8658066533b72818a9287a73f	161
711eef0e84b329e1a6fbdd8f1988b38b	181
6512b77453b7478b4caa6fbc9b54b183	164
fe86d894efdf2314128e1a49888a2c46	164
96671f8dd02df84dbe5aa875db0bccab	161
2736fffee4cc5ae6e69f2ff72c9b351f	164
5bc1be4e5f26792b0f519ace14cfe1b4	164
8085d4ed67fce98dd66b941181acd38b	161
e939a55b173e90ee8413bca0ce6a9ff2	162
94d4eabc6892a3a006577bc36b37477f	164
526b23048725ebd42382398f9fd598a8	159
7b4ede8d44d90cc6723d6b8018d5e088	164
d70579f7ed72cd09caad377379a33725	163
cb590c306490c66d228d4190dfdca30b	162
55c4a1847c4f862df4c11925f1cc333a	160
a652dca99bce0b011fea5d81cd7ba6a8	183
abc6b5995540919f2f10349f48a3e5b0	165
393a3a72d9e465565b58805bd4de77b9	161
d81ba8ad653ac7df3020d6e454638180	165
02734c97e956ab85a7c9b26fb8509904	166
814172344a00e3936e3a1e468c8afef3	160
0cf546fe0ad1d959a3b9513fe4d7affb	165
735fdedff61b749a9830973dc26c424c	164
b1a8641ff69e76bf3d004a22a44f80f0	162
e20074913e4186439460df8541d012e2	163
f842ce48864a00fbd0546be58e447b22	163
f83f88ff60699db56773418adeed4e93	164
572a4e052728ceb32c5f1ad6a9f643c8	165
32da14cb60e72a4205c87d6442948222	164
9b6c3f2c9a612bdf3067c54e15b3457a	162
5027454c8a4f9cc4f7ebefb72cb50664	163
93e2b9937dbb160613c17d643f355937	160
e17f008f0c93275d4c10ef6241e6aa3b	163
f2d54c82d4ac0b8346ca1da08eebbea7	164
2b9f9643f10f5d5d24c241cbe9580a98	161
7c335db1d6e7dde94039df1973fafaed	163
cd5b3a0473711806ad9cfd3ceec718d7	165
ea9d5390221b7e73b23c2288569f1bbe	167
fe46fb904f1a97a9ba338bd995d44cb0	164
52cc23a762070846698bdd824cd08647	162
b7e30e487483d2ae0b44bf8b627375f5	167
ca14a13dd64c5ece27c5055c1adbd76c	164
2c10f9733e306c35324b6129439e4ad7	163
9947b1ba44a73741b192d4251f7b7b94	164
ff7aa7539afa6ef860de2849a0770522	160
bf624fa3a411c98dd07e57de5e35082d	162
4ba5a7c1228c986c336735c71ffe1a25	160
38d6469fedde42f12d73cf36188f6c89	168
4cd7f6c21ea140dd49ff1afee38063bd	162
8b20883265ed5ec7d47d0b3f0fe2c355	165
fa8eb9d5c168611d9c7eae4a0c5ca17f	165
40dbda8479e4d80370e31b2c02c4aa44	180
04475dc5d99998b6da47c48cca22f863	167
d4c596dc1e19709610f0a4b43ee3b8c9	165
c9327e0172a6db1f741b803787dc73d0	165
c8a35357ab94ba97ae39e0cb27571b00	159
694f2c442c6df14f13be4fd91a12dedb	160
b5d1668fcb84b1d021d4b03fb524718c	175
c46b975a745c3b3cf5362de055342c44	162
216580124905fb6b2d6be0f7310b5eaa	161
73e8d756e33de81be1ae9427b380ec0b	165
9a4cc38826930575f37c23038ba7a584	164
d31c8f346957d0f4e24ec85f254b6195	195
01b9be31692db2a91b1d13c2e1c95b1a	163
ed294e7193d54052f6bc695b4c125d7e	165
3498103ed1b2596877b0f1127da9875d	166
1f038d035b54af2d1f2ac481e7a3a1c2	165
3fbcdc383f597c8d64d98b764b851782	164
0834ea0e2b41e500ad6a29bfe830ced2	162
11e17a95cd45536da18c4b0fda1248fc	190
b5ac153c676f072b919231ea61c0c40c	162
f31b2273bf773c0aec9bfb22d0eab9c7	164
244a8c5569223395b6836185f6daa0f6	161
2551d9106c867cfaad06d81e23904c1e	161
2a6ed01dcb0602dcdaa8b5cdd972c7f6	190
60c6c9aee35598d932d7a3cd3b5089e4	164
5bcc0b81b94a7720b7763570b9d5ed7d	183
ad6a278cdc35357fe3a35e3aaba37a08	164
5345a47237d6bf79fd8f35a4f35c6c3a	162
e2bf7d27e398b4d5f620f7205c92fc72	161
db8b1f0f4e02c17de9d7e044281c3ec5	164
71dc6bed09e66b88e90eba5999ebf39e	165
55b8bfa55a4ce2bc19b9845221f772c1	180
71c60682090b5a736969d858997d2628	165
31a82708b7aaaa1f79dfb445d85cd1de	166
dfdea775a8a69378fddac993bb72ab70	165
69a411756a44b690272d1f82edd9d849	165
adf74d4055c55af5fd3c272a0cd88853	160
2db5a9d670a77a400ca3e90f036eb22b	163
29ef081a57eb8be6fd757ebc3b017ee4	165
d2148aa9ea7d0e63cc06ef0dcf86eb1f	165
284f0c35d4d5643408564b4545affce1	163
d5e241546db40cb8892d6f847000c83d	162
a7b0d64ce2f96567535410119621484a	166
abf36060f3ae4f416f238bc2a3dbd515	164
8fcba7ca9ef936d498e09fcb6c408c52	167
2f8a0f791bc546ff43e31f3878487dfe	235
ac7f700d8779fc9784e158d2dce6b49c	164
ceb8930e105129581c2e02f73eea399d	164
39e722b062dd624bafe6deaad2430053	165
7b9eab3c94cc557dbed609b2f5753f53	165
46d8290770c27fd81d4fbe54de9ef84e	162
ad03e303f8d562f2a2ddde71d41d7839	167
1a465d14df445bd54af40c12f2a66e34	165
31136834ff7eca734d9abcb9ca33d43d	164
94e4a9ecee2d02da8c077a13bc984d52	164
fe006f2a7deb2cf63ea3bf799b762aa0	164
e935daaf61ed4320088b938d36074450	164
8c9cc43ec86dc7f4e4e7cdfccb6cd78b	162
6064258a26a01e22b4e5d62277b278a1	168
ddd059c3a1faeaa361eb63dc90fd7be6	163
badc0963f6aa7ce574f8d541b214c624	159
4f9edd377de762a67dc121dd8d0cd8e3	164
f19f0e9d48f76ee11d66932fc99263a9	164
77f815a745076dbc64861b8a5b28fa94	162
1a8d01f725c58c5fbb740bebaef07161	165
f73f2622fec6343f34eaff9155585bc1	165
20bd3d1d141c72f595de5503e54a54ab	167
fee4c09aa601da42766e2de9ac5a21e3	164
acaf0f5e938054feec9b168ba358aedd	164
684e5656cc38c223ff2781276f55fd14	159
69a0300f08b35a59f2295708b32c97b6	164
20fa1ad9b05955fb745f6d3a1dbdedf5	159
8f83a57ca86ead7686242167a663a410	164
5fbecddef2152d66cf5d6b75feec2548	164
f484f317a37f1b1cc34a2bb72c6c3fa2	190
c3fd16f4681d7717229a63415e304fe1	165
2a29e6cc991e676f3538347c14f0bad1	165
e77ff733ad1c5c66121d5f5ab9f15b1a	164
10ca775f7c30976dee991852e6e0b8ff	159
fcbc6b87d7e06dd5d63535b60d11f982	164
ad36eab17ec019c78fcceeb2b923c485	160
364aa814dddcc19ea34b3aeff50c160e	161
87051ec373be15ff066cf5a730c44820	165
ce9bfda4c29d4e76faefe1cae471333b	166
6a39fb1d4faa4b2bca37cb33fd030714	164
52172f5de40204901e551e79822058b3	165
f02ae275d745e3b0f17a986c42fcab3e	162
ca219d413a8cf90c4a66b9b96d9825ac	164
3891efbd2e410aa1ac8ce2a4656cdfe3	165
15facbe38679129ce2ed8a67bd5fb05e	175
f1a945ddb35a9a37b1a55ad0b92e3579	165
57f0d6dd735431b5abf4f46c8a4c133a	165
7c77b75267b14673f2d85d82292c6681	162
090075065c89aea43064c6afc07ee370	175
7fa1984bd7216ea1d3b8c60a9e5c7ba3	161
36099fd90edff269594833b2d6f47cbb	161
ae099b5c16bda36ddea62eaf2702c7b8	164
fe4d587cc8fc4ec665e0158e8a670643	163
335eeb1856934d809f51a07449754d4f	167
774d5c15fc33ac376efd993c5a3004e5	165
8ee308658fd6446ca2234f7a7ecb4cba	161
3996e502c64e4c7ed98169b11d96bd23	165
f10e71ebe23902db4162675c08ef1af5	173
dced5d638b069dde5b97ec64efda67b9	164
d10fa9e40d6431aef714f6a4dff0cc7d	165
496e01fcd660b17992576bc63f69e91f	165
bef8468d0dd81e386acfaddaa150fceb	164
20d8c723fe92d0cfcbb1dd479fe6c236	163
291c21083df918802569fb07fd17e95a	164
90abf245e88992dea8aab2fcbbb099c6	165
c0db9e6158f0a823963b27850c4f94c7	162
cf8e211c15a65b9a2dc23b123dd12ce1	165
d72386a7643eaa767ccbe6edefebdb77	164
125256c284b0b0d2206705e09aabe9d6	180
6f2b01513285b146a6407b83b479b34e	162
77fdf3db3cadbe357935af9dea7524d6	166
76bc678672b96a0118ac2d3f15ec8bf5	162
96439e8c05211d9e1093bbcac8c18b31	162
944ac624e35e60a0233e61412bb163a5	162
ebc994e77b320864709999338c105557	165
8b50dd3ab69c76650c635b574c8df53f	184
f87a059c1b7a34da213e21206421bc91	168
1225dffbbaa93e2f85866745c3bc0917	160
04272065a3ae6f7768e4528b8076c57c	165
17f9c0b3a32501eae4d23df6bcdcfc7b	165
3b270631c4318e1f40a9be57611221b5	163
2997895ef9406246b37d60b9870626e8	165
af386a5158e8872258c56e4e2e04a692	164
23a3d9a3044eeb61d088d9157dab0963	163
b9f9795ca6e536821bc18da8d0803fd5	165
d834746f4e3380eaeb9b94c8dadde732	162
cac5678546daacf5abb555b9e3fb18f4	162
dfeedfd3bde5ac234ea66cc02f03542d	164
455f6d6ebfaebfcd6c417b28f50a19bd	174
61d7e47e902da6663146719d4fb21633	162
264f3205dd780c60901465dbc0c51b94	164
411134d95fab2596980c7966d72683f5	164
3070acf452b622f01f4b5b627ef9fce9	163
90abaa1c81342a357e321893afcfd151	173
8f254cedac3aca0509f25cb6d80728c6	162
0134d4ff6f2d86146b130124acb15e85	164
4fdfdef811b67bc5466ae235143cb4d9	162
976e088ff7ff43b0e0241034007a9d77	180
6c54d8c65cf15056cfaadc39a8aeaeaa	166
de0736f2c8d566c3ea4cfa0fe243a5cf	164
18e0bd327936a8c282295104e574c644	162
ea10f5c95cbd955d78310140b5feedd0	161
7ad7080d36b1db279c796799c5d4176f	161
387371ef2c2fff794a24b205adb0580b	161
a28631d5a1f61a57fe7c5db1cff9c6e3	164
42b072a7623d225987847bc36d54404e	164
e157e0c16d34fdf146bb415b0232de2e	160
71d92b8127127bc4c9aadbaaa7963f22	163
6d897f47444a2a860f2b59268864aec1	243
2a2f2caefb8d83b7a928bb72a1135445	162
3cd22aabe1dd2d3f14af5039dc7f9d08	166
4f58dc59bac0681ae6d436794552cb2d	164
15ea5c9c232128bf36bd38b88817ec16	161
c64b5cfc17d59c14a05dc0e9ceddc3da	160
1efe98f050de37bcb3de03e6942f8942	162
2bdcdd2cb4ce0531b40fbcf4052cbd6d	162
e263934b551876313cac9997b79cd2ad	168
fe419c6cbc44ef28805aeea4dbe597dc	188
bc3a3ddc522105b5634cdbc195199912	165
3feadc1e98828872e6d55af7dae77020	161
6425f49f19abef5703fc873ac183a540	161
f31a6e910f5471cdafb722667b748382	162
fc6386935fe9fadfc1fcfc16497e6c5a	165
758bf01eb16b15b3d3ff27b861108a6f	164
a099a9422b78c7dd84745661b31d3f0a	163
445595e9a18b8256325ade44864ca2d6	161
be68445037ce92ffd26e4e0e7bcc5aa9	164
d751c42c3d4098df1f8b729de13120cc	163
b6e5f49f73d86124858e7a5214aaa771	162
0785d4e9f77e3f4f84249a9abdd692ef	165
31dbb4e637b8ad9209747c9d80b72bf4	164
8d0b65660da15ee5218868a0fa838292	164
e7c4206037b44426b7cf823f295877c9	163
85bb90f667562f7556fa36ceafafca9a	164
fa23a2d4793c63c2eb250fee6f4eaae7	164
e4839cf6be9b80618d3d32782e4b1e5c	164
69dba269d64a92d56ae79dda84cf504f	165
a6c86a225bdbc9a98363fb89658d5b79	175
f2ee51ee4a677a8de4fcf4ea1409680d	159
1a7978040cc1b51ec37866f07afe3c92	160
83e5c899e02ca538aef3ce22a26f24b7	164
9f8b7b2284395f648035b11797e496c6	161
de9ec10ac7130f31b1ea456d4c2b9865	165
800a917658833dc5e7b18f5edc485135	180
148643fb6152952392ef6997cc6b8b70	162
66903d95dbb84dcb771f9e034037a95a	164
16cdeebffb5cf6d5df860ed23acd77c6	160
8ccb56762658963c23de2944b4512cff	169
b49c1390fae0880a28c94edae5f9ac0d	164
b4ea4d01ace04ddf7fa7624abcb7cd2a	213
eeeba945b26f2dbd081d297c5d05b837	164
947700d1ed7b6d4bc444562c901a5535	164
fb6fb2c6787f02c89773aa8e9d001a91	166
10755004bfb740f4c0ad0047b7b5899e	165
9c9056812bc37782897b203410b90c2d	164
8aa79decf7c761b39b437a1fa62fc9c2	164
4842434fa90a48b685b20f14f7431ac6	164
f5b9eeaf8a74fdec0c0889b6c16cf663	165
0a5a6e5b48eaa45c89e308f37439b918	164
94a6eea89b5c89f935db49895fce0330	183
f62f6a1acf21ea59cfe9a218d698b5eb	164
9679162f9b3a95ac097ddb335b3753e1	162
da23cce847f997fbb279240cd0dacdd9	164
b66abca8e9e993c0bcb6108a8ab92457	165
3687387f07caf9a612e397e920b13aa6	184
54c15ab063460f7a53de5e961afc0fe4	165
015f4ac520c1697adfa72eec3a2ceb09	163
d91fd2b517735b629a546591c9bad678	161
6354ad54378f7e3f3be1da041e274433	165
9aea73a70e79efd7ac4bfc31b5cd9a21	180
e7ad477a0fb092df76ca3c3a15f5a47b	164
295f307343ec21bd7c0114d283d824a5	163
d0bb93ad9007139a80e4e7916c508e8c	165
958a01aa025d43bdc3cece9fd27ef728	184
b60266830b2eb5b18fe4931ea41b9ade	163
8fb20b45dbc1a6f73411ef1c09a8d0f6	159
2787fcaede34531b62b9f08db2219fcb	162
916988016d9c250b9f03ae61cd012b54	165
7a3a784814590ec3c19f52b070f3c017	162
1478d1c09f0d06b6409ee078c9d5523f	164
999f00ac060a09664176aa061d1d9204	165
f607fcbbc24f5e4faeca9982f84fc1b0	162
eb1df991a3c92c1d24559db49df541f4	166
b64a6bc45bec7072a2fc4e331720aa09	164
a318d542f89614fa65621f40cb16b803	164
21adff10c739c6421dc8d21ebf861406	162
ce93b8a00468786a671c449cd6f2329d	176
f4e2154536ba3916fd16355181b4452e	161
d90b31c032c61be3ce95b8a70b6eca9a	165
03963ae0d6f05b48cbef08f1cfc18310	162
12a6e57590b3ca766ea7b1a9ddc628ba	164
d09cb3aae5e31dcb7f77a9faf6a904b0	162
6c911cfcd9a1b33006067f8277b97d1a	182
c942931dbd744512da98f900bed0748a	160
6566de937c2416428f60219d500d385f	155
f5793e3bbba969ac6ce8dec9cb849af5	162
8c839f0fdd1d126c17faa51d74734aba	162
7a21698e798485cdda704d059397bb98	162
742ec9f9e8d40d0d2d707517925268c2	144
bf3f37c6ed00179cf4b93db2a2131991	162
ed79cd4dc131170c8c244641f03c6db7	165
992d1eb8a12e6b42ecc0b40bfe547dde	162
89f2c3ea27a97fdff1e99788d3a990b8	164
48f0232006fe947a7b86c7ebd7d0ed17	159
e50991cb846348607e8dceb732cd960e	183
a783d62fa15bb6ea42c98c562761c5a7	165
9a113fa06d3555bae143ff5165886d35	245
887b55c006f585690d277f112d87cfea	130
3d1ec029057b6be4028eb6bf5430d909	188
c7224ad2052e558c4510efe14b92d26e	182
8050ae0a2fe61c98a189f8465076db9b	189
3888d0ef8d20c78cfef66e7415632457	160
132de312eadcc9c7f9db078f43cd5c51	180
886ae9d5a640dd1a24e7856f18f309e2	182
05d3ce56fd41c5c0f33355f5ebe8c1e1	180
2f45cebc5fcd86193d822ad8a997a39b	182
820f9b936a497db240b0173d03fad5f0	179
2576e8cb7a0c002413e1515537419164	163
8a4143c1b2e75ea5d7c61d4e44a5f992	196
783a090b9c0e8514fb2384996f18bf15	162
f934899c718f370cc8b805179aa95c3c	162
c7ab42ab57b136eeb3144fd108fb2e26	165
842b8a91a95c400743fc90fcdd7d53fc	162
ec86973f33f695a1f1d3ff77321c0e09	165
c727098bbb442e67e4bc05b6218032c8	162
2efe28eb237999a667912c2a010391a0	181
bc9fd55d030bd7f7338ddc20a5cc29c5	181
2f07be695ddd3466403f07c41b28d703	181
9ef0d1e4a9e7750017440f97635129d8	182
1b255a27bcdf6014d297e17deda74ece	177
5c04cf6911d4a612d5ba33ff9567ea6b	182
646afe85a715c007880a431ce85bb067	162
5a93d23c677d01d2418df452b87fab63	245
d79633c86fff2f5b4eb7d4bfc8f58deb	178
84caae38525de1564a3a7c0cadf78d86	184
7e74fcba1fd97ee96018d50339f67e6b	181
2002ceab36a7e8819d959875141a85d8	178
a5d1e02881f615bcac8a4bfbdcfa22b0	187
877736db299c761580666fc463ab6fb5	190
365c712ed6adc7e8a123f502c6d75a75	162
1af226f3109f18db208d71e118eba87f	182
00bea4a857b247ab9c88fc78ba182015	161
f1c61b626d4e15fa0245bed387ffae67	195
0f5d8a1d3a1ed75d266d05518ebcb532	181
c4a8a22e7b91798dce6f59967d113d67	194
c4f724c45f29a27ad04a00ae6c94ac69	138
9d851fbc169e565acb89ba03a238c494	160
2128abadd4fe738263f1c61288da3e69	180
335b438bae8867455ed202cb8627d19b	163
eafe0225bafd69121aeca46ed98c6c09	182
3a1b953b033552e18e79a7dcc07d2e0f	159
628ef651e0cc37d06c7aa35298c453e0	162
cdbc99861b0b2946d0c6262eddbbc87b	183
b2731666ef26215bc782d986709435f2	183
ddba9fe9db8c5dac1ff4c8d97c627ac1	182
3aff044d4b28c5596cc221223dbdbb04	192
6c7261c2a035b99c5de887ebf2c88c53	181
c1433824cb560bd69088c26bec250b2f	179
3bb283aa541fe91ce0e6eab240f9926f	185
f825c48931b6ebbf30b3ccbb72525d71	178
ccabd7e12d84c7a4ae7ff5df36f1e595	177
26047253d985badc632e4210328d11bd	162
6e4af0a068d2fd47fb8617634a164d6e	181
d5c640728740c260a318e10ba37c143b	162
11d274861e306037e16388521dd22802	161
02657073eab5198fc0b616cb981ac1eb	184
062b0c965ff3ff23b0db7857854ab7dc	177
551d4a3e8ffacdc42a8b5c2b99d8acb5	242
a128b31426fbd121fd6e8d771852fb16	182
a1984e19abec2e44782b79de8826d375	235
123e9b64927008337b4f7da18374736d	219
f8db151f073e716e2d585e712ca36e79	182
844e71707930e8b891535a3c01639a70	245
9238b784f8ccb39d5ee507b5b21fc85d	188
60d3172f29267efcefec233cfa888351	198
fdac810d0145390331014912394864bd	180
48ab7c443f5615ba4e07a89cb176146f	162
c247245a707733d0e7441528d56531ba	189
818433d952f23289b2c2dabfdc41f27b	180
5cbf49bf629421e74a2672e0f249a9e1	238
2338b0ab3ed0fe07778d250d267228b3	184
5e0e66d91fc987fa0debdc5220f5a0b7	181
c6ab587c4ab5dbbc9d47dd2c5fd72ec0	182
71e5ff566cbefa01be66983062612454	161
71204b54bb8d504a269e132c29108654	191
40ea54b6bf9a4d9c30b5e28c78896de4	189
6e99c2d6f36a04e26f8e1f5d343e9448	245
520002928aa3ae84e48897f46ba894cc	179
2192eff4d8524f483d11bad8fa6a0e35	194
7f434d36acefd7810510f83caa3dd462	162
5b10027e9c3999612c73a310c1f7a8fb	180
69338e129b75a11ebd69c6be60611295	165
2e85791ac4c8a24f8d34b5f5d18a1058	178
c21c5792444edfa37f4f8f8800bdcca9	169
3b9f5047cb8bb07df4fe8b7860567467	133
2d6a76b0aa98acd55877998f96d224e5	242
ba54819fae1dffcc6410c8fd06fe0692	166
6f9712e56079f0d6002b2c1d053ef609	133
aff7cf8946e2b926e456f3f95e598cf7	132
fc6f51a79f59ca04b962e965788a7708	137
2aca33c05b91c9e6fc4f81b74e6e9c2c	235
18a9d6afc3c93243247135d371538854	167
b08946dd4c4340e48f661b0a4029a1c0	169
30801a16a0911a333820697985278420	182
8011dd36c1c8ecb9262af40146487757	183
c456f5262932934ab15e6d5ca6f0ac66	164
d22e176a1abace54db8d42d3d158c44c	195
14df672d4939c21bb0de2710d1de8258	184
e1f72b86420b0ab29223b3159e95d3eb	193
5f13022569d7f271405e425f3f39c5a9	181
b5e3f3668d31ed454b626d80e4a0b32c	181
1e410b86d69344477546a144cbdf3813	193
cd5db4201639a31cd266861f6e1da573	188
31669dfda0423e4f5f5674e0ce0edd08	193
afeb62469250fd6d4d40289b29a06c40	183
